Player;Federation;Opponent;Stage;Matchday;Match Number;Minutes Played;Game Started;Substitute;Goals;Man of the Match;Date of Birth;Boot Brand;Boot Type;Boot Colour;Boot Version;Notes;ID Opta;Opta Position;Squad Number;Match Length;Exact Time
Groß, Pascal;Germany;Scotland;Group Stage;1;1;45;0;1;0;0;1991-06-15;adidas;Copa Pure 2;Ftwr White/Lucid Blue/Solar Red;New;;60307;Midfielder;5;98;49
Kimmich, Joshua;Germany;Scotland;Group Stage;1;1;90;1;0;0;0;1995-02-08;Nike;Mercurial Vapor XV Elite;
Pink Foam/Black";New;;165687;Defender;6;98;98
Musiala, Jamal;Germany;Scotland;Group Stage;1;1;74;1;0;1;1;2003-02-26;Nike;Tiempo Legend X Elite;Pink Foam/Black;New;;244857;Midfielder;10;98;77
Can, Emre;Germany;Scotland;Group Stage;1;1;10;0;1;1;0;1994-01-12;Nike;Mercurial Superfly IX Elite;Lemonade/Black;New;;112338;Midfielder;25;98;14
Tah, Jonathan;Germany;Scotland;Group Stage;1;1;90;1;0;0;0;1996-02-11;adidas;Copa Pure 2;Ftwr White/Lucid Blue/Solar Red;New;;164454;Defender;4;98;98
Wirtz, Florian;Germany;Scotland;Group Stage;1;1;63;1;0;1;0;2003-05-03;adidas;F50 Elite;Ftwr White/Solar Red/Lucid Blue;New;;494595;Midfielder;17;98;67
Sané, Leroy;Germany;Scotland;Group Stage;1;1;27;0;1;0;0;1996-01-11;Nike;Mercurial Vapor XV Elite;"	
Pink Foam/Black";New;;182156;Forward;19;98;32
Rüdiger, Antonio;Germany;Scotland;Group Stage;1;1;90;1;0;OG;0;1993-03-03;Under Armour;Clone Magnetico Elite 3.0;Black;New;Customised the boot;102380;Defender;2;98;98
Mittelstädt, Maximilian;Germany;Scotland;Group Stage;1;1;90;1;0;0;0;1997-03-18;Nike;Mercurial Vapor XV Elite;Lemonade/Black;New;;204335;Defender;18;98;98
Neuer, Manuel;Germany;Scotland;Group Stage;1;1;90;1;0;0;0;1986-03-27;adidas;Copa Pure 2;Ftwr White/Lucid Blue/Solar Red;New;;20388;Goalkeeper;1;98;98
Andrich, Robert;Germany;Scotland;Group Stage;1;1;45;1;0;0;0;1994-09-22;Puma;Ultra Ultimate;Sun Stream/Puma Black/Sunset Glow;New;;147488;Midfielder;23;98;49
Kroos, Toni;Germany;Scotland;Group Stage;1;1;80;1;0;0;0;1990-01-04;adidas;adiPure 11Pro;Cloud White/Core Black/Gold Metallic;New;;44989;Midfielder;8;98;84
Havertz, Kai;Germany;Scotland;Group Stage;1;1;63;1;0;1;0;1999-06-11;Puma;Future 7 Ultimate;Sunset Glow/Puma Black/Sun Stream;New;;219847;Forward;7;98;66
Füllkrug, Niclas;Germany;Scotland;Group Stage;1;1;27;0;1;1;0;1993-02-09;Nike;Mercurial Vapor XV Elite;"	
Pink Foam/Black";New;;91889;Forward;9;98;32
Gündogan, Ilkay;Germany;Scotland;Group Stage;1;1;90;1;0;0;0;1990-10-24;adidas;Predator Elite;Lucid Blue/Ftwr White/Solar Red;New;;59859;Midfielder;21;98;98
Müller, Thomas;Germany;Scotland;Group Stage;1;1;16;0;1;0;0;1989-09-13;adidas;F50 Elite;Ftwr White/Solar Red/Lucid Blue;New;;55634;Forward;13;98;21
Gunn, Angus;Scotland;Germany;Group Stage;1;1;90;1;0;0;0;1996-01-22;Puma;Ultra Ultimate;Sun Stream/Puma Black/Sunset Glow;New;;107265;Goalkeeper;1;98;98
Adams, Ché;Scotland;Germany;Group Stage;1;1;45;1;0;0;0;1996-07-13;Nike;Mercurial Vapor XV Elite;"
Pink Foam/Black";New;;200439;Forward;10;98;49
Christie, Ryan;Scotland;Germany;Group Stage;1;1;82;1;0;0;0;1995-02-22;adidas;Copa Pure 2;Ftwr White/Lucid Blue/Solar Red;New;;158499;Midfielder;11;98;85
McGinn, John;Scotland;Germany;Group Stage;1;1;67;1;0;0;0;1994-10-18;Nike;Phantom GX II Elite;White/Black/Metallic Gold Coin;New;;122806;Midfielder;7;98;71
Hendry, Jack;Scotland;Germany;Group Stage;1;1;90;1;0;0;0;1995-05-07;Nike;Phantom GX II Elite;Sunset Pulse/Black;New;;194203;Defender;13;98;98
McTominay, Scott;Scotland;Germany;Group Stage;1;1;90;1;0;0;0;1996-12-08;adidas;F50 Elite;Ftwr White/Solar Red/Lucid Blue;New;;195851;Midfielder;4;98;98
Hanley, Grant;Scotland;Germany;Group Stage;1;1;45;0;1;0;0;1991-11-20;Nike;Tiempo Legend X Elite;Lemonade/Black/Metallic Gold Coin;New;;83428;Defender;5;98;49
McGregor, Callum;Scotland;Germany;Group Stage;1;1;67;1;0;0;0;1993-06-14;Nike;Tiempo Legend X Elite;White/Black/Bright Crimson;New;;107695;Midfielder;8;98;71
Robertson, Andy;Scotland;Germany;Group Stage;1;1;90;1;0;0;0;1994-03-11;Nike;Phantom GX II Elite;Sunset Pulse/Black;New;;122798;Defender;3;98;98
Gilmour, Billy;Scotland;Germany;Group Stage;1;1;23;0;1;0;0;2001-06-11;adidas;Predator Elite Tongue;"
Lucid Blue/Ftwr White/Solar Red";New;;243568;Midfielder;14;98;27
Shankland, Lawrence;Scotland;Germany;Group Stage;1;1;8;0;1;0;0;1995-08-10;adidas;Predator Elite;Lucid Blue/Ftwr White/Solar Red;New;;116084;Forward;9;98;13
McLean, Kenny;Scotland;Germany;Group Stage;1;1;23;0;1;0;0;1992-01-08;adidas;Copa Pure 2;Ftwr White/Lucid Blue/Solar Red;New;;78607;Midfielder;23;98;27
Porteous, Ryan;Scotland;Germany;Group Stage;1;1;44;1;0;0;0;1999-03-25;adidas;Copa Sence+;White/Black/Gold;New;Laceless;229911;Defender;15;98;-1
Ralston, Anthony;Scotland;Germany;Group Stage;1;1;90;1;0;0;0;1998-11-16;adidas;X Crazyfast.1;Team Solar Yellow/Core Black/White;New;;215372;Defender;2;98;98
McKenna, Scott;Scotland;Germany;Group Stage;1;1;13;0;1;0;0;1996-11-12;adidas;Predator Elite;Team Solar Yellow/Core Black/Solar Red;New;;168281;Defender;26;98;17
Tierney, Kieran;Scotland;Germany;Group Stage;1;1;77;1;0;0;0;1997-06-05;adidas;X Crazyfast.1;Solar Red/White/Team Solar Yellow;New;;192895;Defender;6;98;81
Lang, Ádám;Hungary;Switzerland;Group Stage;1;2;45;1;0;0;0;1993-01-17;Puma;Future 7 Ultimate;Sunset Glow/Puma Black/Sun Stream;New;Shoe lace removed;121111;Defender;2;100;48
Bolla, Bendegúz;Hungary;Switzerland;Group Stage;1;2;45;0;1;0;0;1999-11-22;Puma;Future 7 Ultimate;Sunset Glow/Puma Black/Sun Stream;New;;431960;Defender;14;100;52
Ádám Nagy;Hungary;Switzerland;Group Stage;1;2;67;1;0;0;0;1995-06-17;Mizuno;Morelia Neo IV;White/Radiant Red/Hot Coral;New;;199104;Midfielder;8;100;69
Kerkez, Milos;Hungary;Switzerland;Group Stage;1;2;79;1;0;0;0;2003-11-07;adidas;F50 Elite;Ftwr White/Solar Red/Lucid Blue;New;;544877;Midfielder;11;100;81
Schäfer, András;Hungary;Switzerland;Group Stage;1;2;90;1;0;0;0;1999-04-13;adidas;X Crazyfast+;Team Solar Yellow/Core Black/White;New;;457734;Midfielder;13;100;100
Dárdai, Márton;Hungary;Switzerland;Group Stage;1;2;11;0;1;0;0;2002-02-12;Nike;Mercurial Superfly IX Elite;Lemonade/Black;New;;470300;Defender;24;100;18
Sallai, Roland;Hungary;Switzerland;Group Stage;1;2;90;1;0;0;0;1997-05-22;Nike;Mercurial Vapor XV Elite;Pink Foam/Black;New;;197109;Forward;20;100;100
Szalai, Attila;Hungary;Switzerland;Group Stage;1;2;79;1;0;0;0;1998-01-20;adidas;Predator Elite;Lucid Blue/Ftwr White/Solar Red;New;;227096;Defender;4;100;82
Fiola, Attila;Hungary;Switzerland;Group Stage;1;2;90;1;0;0;0;1990-02-17;Nike;Mercurial Vapor XV Elite;Pink Foam/Black;New;;80900;Midfielder;5;100;100
Orbán, Willi;Hungary;Switzerland;Group Stage;1;2;90;1;0;0;0;1992-11-03;Nike;Tiempo Legend X Elite;Lemonade/Black/Metallic Gold Coin;New;;101601;Defender;6;100;100
Gulácsi, Péter;Hungary;Switzerland;Group Stage;1;2;90;1;0;0;0;1990-05-06;adidas;Predator Elite;Lucid Blue/Ftwr White/Solar Red;New;;46506;Goalkeeper;1;100;100
Varga, Barnabás;Hungary;Switzerland;Group Stage;1;2;90;1;0;1;0;1994-10-25;Nike;Mercurial Vapor XV Elite;Pink Foam/Black;New;;240804;Forward;19;100;100
Kleinheisler, László;Hungary;Switzerland;Group Stage;1;2;23;0;1;0;0;1994-04-08;Nike;Mercurial Vapor XI;Black/White/Electric Green;Old;;167764;Midfielder;15;100;31
Szoboszlai, Dominik;Hungary;Switzerland;Group Stage;1;2;90;1;0;0;0;2000-10-25;Nike;Mercurial Vapor XV Elite;Pink Foam/Black;New;;424876;Forward;10;100;100
Ádám, Martin;Hungary;Switzerland;Group Stage;1;2;11;0;1;0;0;1994-11-06;adidas;F50 Elite;Ftwr White/Solar Red/Lucid Blue;New;Laceless;218722;Forward;9;100;19
Freuler, Remo;Switzerland;Hungary;Group Stage;1;2;86;1;0;0;0;1992-04-15;Nike;Phantom GX II Elite;Sunset Pulse/Black;New;;89076;Midfielder;8;100;88
Aebischer, Michel;Switzerland;Hungary;Group Stage;1;2;90;1;0;1;0;1997-01-06;adidas;Predator Elite;Lucid Blue/Ftwr White/Solar Red;New;;235865;Midfielder;20;100;100
Rieder, Fabian;Switzerland;Hungary;Group Stage;1;2;4;0;1;0;0;2002-02-16;Nike;Mercurial Vapor XV Elite;Pink Foam/Black;New;;449787;Midfielder;26;100;12
Embolo, Breel;Switzerland;Hungary;Group Stage;1;2;16;0;1;1;0;1997-02-14;Nike;Mercurial Vapor XV Elite;Pink Foam/Black;New;;181007;Forward;7;100;24
Ndoye, Dan;Switzerland;Hungary;Group Stage;1;2;86;1;0;0;0;2000-10-25;Nike;Mercurial Vapor XII;White/Gold Metallic;New;;456512;Forward;19;100;88
Vargas, Rubén;Switzerland;Hungary;Group Stage;1;2;74;1;0;0;0;1998-08-05;adidas;F50 Elite;Ftwr White/Solar Red/Lucid Blue;New;Laceless;429534;Forward;17;100;76
Amdouni, Zeki;Switzerland;Hungary;Group Stage;1;2;22;0;1;0;0;2000-12-04;adidas;Predator Elite;Lucid Blue/Ftwr White/Solar Red;New;Laceless;492831;Forward;25;100;30
Xhaka, Granit;Switzerland;Hungary;Group Stage;1;2;90;1;0;0;1;1992-09-27;Puma;Future 7 Ultimate;Sunset Glow/Puma Black/Sun Stream;New;;84450;Midfielder;10;100;100
Sierro, Vincent;Switzerland;Hungary;Group Stage;1;2;4;0;1;0;0;1995-10-08;adidas;Nemeziz .1;White/Screaming Orange/Core Black;New;;209208;Midfielder;16;100;12
Schär, Fabian;Switzerland;Hungary;Group Stage;1;2;90;1;0;0;0;1991-12-20;Puma;Ultra Play;Sun Stream/Puma Black/Sunset Glow;New;;119471;Defender;22;100;100
Duah, Kwadwo;Switzerland;Hungary;Group Stage;1;2;68;1;0;1;0;1997-02-24;Nike;Mercurial Vapor XV Elite;Lemonade/Black;New;;207553;Forward;18;100;70
Stergiou, Leonidas;Switzerland;Hungary;Group Stage;1;2;22;0;1;0;0;2002-03-03;Puma;Ultra Play;Sun Stream/Puma Black/Sunset Glow;New;;476824;Defender;2;100;30
Rodríguez, Ricardo;Switzerland;Hungary;Group Stage;1;2;90;1;0;0;0;1992-08-25;Nike;Tiempo Legend X Elite;Pink Foam/Black;New;;69305;Defender;13;100;100
Widmer, Silvan;Switzerland;Hungary;Group Stage;1;2;68;1;0;0;0;1993-03-05;adidas;Predator Elite;Lucid Blue/Ftwr White/Solar Red;New;;120781;Midfielder;3;100;70
Sommer, Yann;Switzerland;Hungary;Group Stage;1;2;90;1;0;0;0;1988-12-17;Puma;Future 7 Ultimate;Sunset Glow/Puma Black/Sun Stream;New;;34683;Goalkeeper;1;100;100
Akanji, Manuel;Switzerland;Hungary;Group Stage;1;2;90;1;0;0;0;1995-07-19;Puma;Future 7 Ultimate;Sunset Glow/Puma Black/Sun Stream;New;;211975;Defender;5;100;100
Olmo, Dani;Spain;Croatia;Group Stage;1;3;31;0;1;0;0;1998-05-07;adidas;F50 Elite;Ftwr White/Solar Red/Lucid Blue;New;;179370;Forward;10;99;37
Le Normand, Robin;Spain;Croatia;Group Stage;1;3;90;1;0;0;0;1996-11-11;adidas;F50 Elite;Ftwr White/Solar Red/Lucid Blue;New;Laceless;224919;Defender;3;99;99
Nacho;Spain;Croatia;Group Stage;1;3;90;1;0;0;0;1990-01-18;adidas;Predator Elite Tongue;Lucid Blue/Ftwr White/Solar Red;New;;88477;Defender;4;99;99
Yamal, Lamine;Spain;Croatia;Group Stage;1;3;86;1;0;0;0;2007-07-13;adidas;F50 Elite;Ftwr White/Solar Red/Lucid Blue;New;Laceless;593109;Forward;19;99;89
Pedri;Spain;Croatia;Group Stage;1;3;59;1;0;0;0;2002-11-25;adidas;Predator Elite Tongue;Lucid Blue/Ftwr White/Solar Red;New;;490541;Midfielder;20;99;62
Torres, Ferran;Spain;Croatia;Group Stage;1;3;4;0;1;0;0;2000-02-29;adidas;F50 Elite;Ftwr White/Solar Red/Lucid Blue;New;Laceless;224444;Forward;11;99;10
Williams, Nico;Spain;Croatia;Group Stage;1;3;68;1;0;0;0;2002-07-12;Nike;Mercurial Vapor XV Elite;Pink Foam/Black;New;;523654;Forward;17;99;71
Cucurella, Marc;Spain;Croatia;Group Stage;1;3;90;1;0;0;0;1998-07-22;Puma;Future 7 Ultimate;Sunset Glow/Puma Black/Sun Stream;New;;179268;Defender;24;99;99
Oyarzabal, Mikel;Spain;Croatia;Group Stage;1;3;23;0;1;0;0;1997-04-21;Nike;Mercurial Vapor XV Elite;Pink Foam/Black;New;;219000;Forward;21;99;29
Carvajal, Dani;Spain;Croatia;Group Stage;1;3;90;1;0;1;0;1992-01-11;Puma;Future 7 Ultimate;Sunset Glow/Puma Black/Sun Stream;New;;88483;Defender;2;99;99
Simón, Unai;Spain;Croatia;Group Stage;1;3;90;1;0;0;0;1997-06-11;adidas;Copa Pure 2+;Ftwr White/Lucid Blue/Solar Red;New;;212769;Goalkeeper;23;99;99
Merino, Mikel;Spain;Croatia;Group Stage;1;3;22;0;1;0;0;1996-06-22;adidas;Predator Elite;Lucid Blue/Ftwr White/Solar Red;New;Laceless;195384;Midfielder;6;99;28
Ruiz, Fabián;Spain;Croatia;Group Stage;1;3;90;1;0;1;1;1996-04-03;adidas;Copa Pure 2;Ftwr White/Lucid Blue/Solar Red;New;;201379;Midfielder;8;99;99
Morata, Álvaro;Spain;Croatia;Group Stage;1;3;67;1;0;1;0;1992-10-23;adidas;F50 Elite;Ftwr White/Solar Red/Lucid Blue;New;;88482;Forward;7;99;70
Zubimendi, Martín;Spain;Croatia;Group Stage;1;3;4;0;1;0;0;1999-02-02;adidas;Copa Pure 2+;Ftwr White/Lucid Blue/Solar Red;New;;481655;Midfielder;18;99;10
Rodri;Spain;Croatia;Group Stage;1;3;86;1;0;0;0;1996-06-22;Nike;Phantom Luna II Elite;Sunset Pulse/Black;New;;220566;Midfielder;16;99;89
Pongracic, Marin;Croatia;Spain;Group Stage;1;3;90;1;0;0;0;1997-09-11;adidas;Copa Pure 2;Ftwr White/Lucid Blue/Solar Red;New;;421634;Defender;3;99;99
Majer, Lovro;Croatia;Spain;Group Stage;1;3;90;1;0;0;0;1998-01-17;Nike;Mercurial Vapor XV Elite;Pink Foam/Black;New;;229046;Forward;7;99;99
Livakovic, Dominik;Croatia;Spain;Group Stage;1;3;90;1;0;0;0;1995-01-09;adidas;F50 Elite;Ftwr White/Solar Red/Lucid Blue;New;;198534;Goalkeeper;1;99;99
Sucic, Luka;Croatia;Spain;Group Stage;1;3;25;0;1;0;0;2002-09-08;Nike;Mercurial Vapor XV Elite;Lemonade/Black;New;;464166;Midfielder;25;99;31
Petkovic, Bruno;Croatia;Spain;Group Stage;1;3;18;0;1;0;0;1994-09-16;Nike;Mercurial Vapor XV Elite;Lemonade/Black;New;;152918;Forward;17;99;24
Mario Pasalic;Croatia;Spain;Group Stage;1;3;25;0;1;0;0;1995-02-09;adidas;Predator Elite;Lucid Blue/Ftwr White/Solar Red;New;Laceless;164570;Midfielder;15;99;31
Brozovic, Marcelo;Croatia;Spain;Group Stage;1;3;90;1;0;0;0;1992-11-16;Nike;Mercurial Vapor XV Elite;Pink Foam/Black;New;;94425;Midfielder;11;99;99
Kovacic, Mateo;Croatia;Spain;Group Stage;1;3;65;1;0;0;0;1994-05-06;Puma;King Ultimate;Sun Stream/Puma Black/Sunset Glow;New;;91651;Midfielder;8;99;68
Budimir, Ante;Croatia;Spain;Group Stage;1;3;56;1;0;0;0;1991-07-22;Puma;Future 7 Ultimate;Sunset Glow/Puma Black/Sun Stream;New;;94273;Forward;16;99;59
Gvardiol, Josko;Croatia;Spain;Group Stage;1;3;90;1;0;0;0;2002-01-23;adidas;Copa Pure 2+;Shadow Red/White/Team Solar Yellow;New;;477424;Defender;4;99;99
Kramaric, Andrej;Croatia;Spain;Group Stage;1;3;72;1;0;0;0;1991-06-19;adidas;F50 Elite;Ftwr White/Solar Red/Lucid Blue;New;;68582;Forward;9;99;75
Sutalo, Josip;Croatia;Spain;Group Stage;1;3;90;1;0;0;0;2000-02-28;adidas;F50 Elite;Ftwr White/Solar Red/Lucid Blue;New;;240992;Defender;6;99;99
Stanisic, Josip;Croatia;Spain;Group Stage;1;3;90;1;0;0;0;2000-04-02;adidas;F50 Elite;Ftwr White/Solar Red/Lucid Blue;New;;437921;Defender;2;99;99
Modric, Luka;Croatia;Spain;Group Stage;1;3;65;1;0;0;0;1985-09-09;Nike;Mercurial Vapor XV Elite;Pink Foam/Black;New;;37055;Midfielder;10;99;68
Perisic, Ivan;Croatia;Spain;Group Stage;1;3;34;0;1;0;0;1989-02-02;Puma;Future 7 Ultimate;Puma White/Puma Black/Poison Pink;New;;45034;Midfielder;14;99;40
Calafiori, Riccardo;Italy;Albania;Group Stage;1;4;90;1;0;0;0;2002-05-19;adidas;Predator Elite;Lucid Blue/Ftwr White/Solar Red;New;;466075;Defender;5;99;99
Barella, Nicolò;Italy;Albania;Group Stage;1;4;89;1;0;1;0;1997-02-07;Nike;Mercurial Vapor XV Elite;Pink Foam/Black;New;;171384;Midfielder;18;99;95
Scamacca, Gianluca;Italy;Albania;Group Stage;1;4;83;1;0;0;0;1999-01-01;Nike;Mercurial Vapor XV Elite;Pink Foam/Black;New;;195899;Forward;9;99;86
Donnarumma, Gianluigi;Italy;Albania;Group Stage;1;4;90;1;0;0;0;1999-02-25;adidas;Predator Elite Tongue;Lucid Blue/Ftwr White/Solar Red;New;;204936;Goalkeeper;1;99;99
Cristante, Bryan;Italy;Albania;Group Stage;1;4;13;0;1;0;0;1995-03-03;adidas;Predator Elite;Lucid Blue/Ftwr White/Solar Red;New;;109511;Midfielder;16;99;19
Chiesa, Federico;Italy;Albania;Group Stage;1;4;77;1;0;0;1;1997-10-25;Nike;Mercurial Vapor XV Elite;Pink Foam/Black;New;;223541;Forward;14;99;80
Pellegrini, Lorenzo;Italy;Albania;Group Stage;1;4;77;1;0;0;0;1996-06-19;Nike;Phantom GX II Elite;Sunset Pulse/Black;New;;184441;Forward;10;99;80
Retegui, Mateo;Italy;Albania;Group Stage;1;4;7;0;1;0;0;1999-04-29;adidas;X Crazyfast+;Bright Royal/White/Solar Red;New;;441463;Forward;19;99;14
Cambiaso, Andrea;Italy;Albania;Group Stage;1;4;13;0;1;0;0;2000-02-20;adidas;F50 Elite;Ftwr White/Solar Red/Lucid Blue;New;;515759;Defender;24;99;19
Dimarco, Federico;Italy;Albania;Group Stage;1;4;83;1;0;0;0;1997-11-10;adidas;Predator Elite;Lucid Blue/Ftwr White/Solar Red;New;Laceless;161919;Defender;3;99;86
Di Lorenzo, Giovanni;Italy;Albania;Group Stage;1;4;90;1;0;0;0;1993-08-04;Puma;Future Ultimate;Sedate Gray/Asphalt/Yellow Blaze;New;;93661;Defender;2;99;99
Darmian, Matteo;Italy;Albania;Group Stage;1;4;7;0;1;0;0;1989-12-02;adidas;Predator Elite;Lucid Blue/Ftwr White/Solar Red;New;;40002;Defender;13;99;14
Jorginho;Italy;Albania;Group Stage;1;4;90;1;0;0;0;1991-12-20;Puma;Future 7 Ultimate;Sunset Glow/Puma Black/Sun Stream;New;;85955;Midfielder;8;99;99
Folorunsho, Michael;Italy;Albania;Group Stage;1;4;1;0;1;0;0;1998-02-07;Puma;Future 7 Ultimate;Sunset Glow/Puma Black/Sun Stream;New;;247050;Midfielder;25;99;4
Frattesi, Davide;Italy;Albania;Group Stage;1;4;90;1;0;0;0;1999-09-22;adidas;X Crazyfast+;Solar Red/White/Team Solar Yellow;New;;235453;Midfielder;7;99;99
Bastoni, Alessandro;Italy;Albania;Group Stage;1;4;90;1;0;1;0;1999-04-13;Puma;Future 7 Ultimate;Puma White/Puma Black/Poison Pink;New;;215977;Defender;23;99;99
Mitaj, Mario;Albania;Italy;Group Stage;1;4;90;1;0;0;0;2003-08-06;Nike;Mercurial Vapor XV Elite;Dark Beetroot/Metallic Vivid Gold;New;;474900;Defender;3;99;99
Hoxha, Arbër;Albania;Italy;Group Stage;1;4;22;0;1;0;0;1998-10-06;Nike;Mercurial Vapor XV Elite;Lemonade/Black;New;;227533;Forward;26;99;28
Asllani, Kristjan;Albania;Italy;Group Stage;1;4;90;1;0;0;0;2002-03-09;adidas;Predator Elite Tongue;Lucid Blue/Ftwr White/Solar Red;New;;517997;Midfielder;21;99;99
Seferi, Taulant;Albania;Italy;Group Stage;1;4;68;1;0;0;0;1996-11-15;Nike;Mercurial Vapor XV Elite;Pink Foam/Black;New;;175640;Midfielder;15;99;72
Manaj, Rey;Albania;Italy;Group Stage;1;4;13;0;1;0;0;1997-02-24;Nike;Phantom GX II Elite;White/Black/Metallic Gold Coin;New;;194827;Forward;7;99;19
Djimsiti, Berat;Albania;Italy;Group Stage;1;4;90;1;0;0;0;1993-02-19;adidas;Predator Elite;Lucid Blue/Ftwr White/Solar Red;New;;96645;Defender;6;99;99
Strakosha, Thomas;Albania;Italy;Group Stage;1;4;90;1;0;0;0;1995-03-19;Nike;Mercurial Vapor XV Elite;White/Bright Crimson/Black;New;;140200;Goalkeeper;23;99;99
Ajeti, Arlind;Albania;Italy;Group Stage;1;4;90;1;0;0;0;1993-09-25;Mizuno;Morelia Neo IV;Safety Yellow/Fiery Coral/Safety Yellow;New;;97341;Defender;5;99;99
Ramadani, Ylber;Albania;Italy;Group Stage;1;4;90;1;0;0;0;1996-04-12;adidas;X Crazyfast.1;Bright Royal/White/Solar Red;New;;227386;Midfielder;20;99;99
Hysaj, Elseid;Albania;Italy;Group Stage;1;4;90;1;0;0;0;1994-02-02;Puma;Ultra Ultimate;Sun Stream/Puma Black/Sunset Glow;New;;107363;Defender;4;99;99
Laçi, Qazim;Albania;Italy;Group Stage;1;4;22;0;1;0;0;1996-01-19;Nike;Tiempo Legend X Elite;Pink Foam/Black;New;;214282;Midfielder;14;99;28
Asani, Jasir;Albania;Italy;Group Stage;1;4;68;1;0;0;0;1995-05-19;Puma;Ultra Ultimate;Electric Peppermint/Puma White/Fast Yellow;New;;175893;Midfielder;9;99;71
Broja, Armando;Albania;Italy;Group Stage;1;4;77;1;0;0;0;2001-09-10;Puma;Ultra Ultimate;Sun Stream/Puma Black/Sunset Glow;New;;440323;Forward;11;99;80
Muçi, Ernest;Albania;Italy;Group Stage;1;4;3;0;1;0;0;2001-03-19;Nike;Mercurial Vapor XV Elite;Lemonade/Black;New;;462764;Midfielder;17;99;10
Bajrami, Nedim;Albania;Italy;Group Stage;1;4;87;1;0;1;0;1999-02-28;Nike;Hypervenom Phinish II;Volt/Black/Hyper Turquoise/Clear Jade;Old;;204674;Midfielder;10;99;90
Rajkovic, Predrag;Serbia;England;Group Stage;1;5;90;1;0;0;0;1995-10-31;Puma;Future 7 Ultimate;Puma White/Puma Black/Poison Pink;New;;104407;Goalkeeper;1;97;97
Mladenovic, Filip;Serbia;England;Group Stage;1;5;47;0;1;0;0;1991-08-15;Puma;Ultra Ultimate;Sun Stream/Puma Black/Sunset Glow;New;;94467;Defender;25;97;99
Zivkovic, Andrija;Serbia;England;Group Stage;1;5;74;1;0;0;0;1996-07-11;adidas;X Crazyfast+;Solar Red/White/Team Solar Yellow;New;;164654;Midfielder;14;97;76
Ilic, Ivan;Serbia;England;Group Stage;1;5;45;0;1;0;0;2001-03-17;adidas;F50 Elite;Ftwr White/Solar Red/Lucid Blue;New;;430848;Midfielder;17;97;50
Kostic, Filip;Serbia;England;Group Stage;1;5;43;1;0;0;0;1992-11-01;Nike;Mercurial Vapor XV Elite;Pink Foam/Black;New;;104215;Midfielder;11;97;-2
Sergej Milinkovic-Savic;Serbia;England;Group Stage;1;5;90;1;0;0;0;1995-02-27;Nike;"	Mercurial Superfly IX Elite";Pink Foam/Black;New;;180793;Forward;20;97;97
Jovic, Luka;Serbia;England;Group Stage;1;5;29;0;1;0;0;1997-12-23;adidas;F50 Elite;Ftwr White/Solar Red/Lucid Blue;New;Laceless;185533;Forward;8;97;34
Milenkovic, Nikola;Serbia;England;Group Stage;1;5;90;1;0;0;0;1997-10-12;Puma;Future 7 Ultimate;Sunset Glow/Puma Black/Sun Stream;New;;227444;Defender;4;97;97
Pavlovic, Strahinja;Serbia;England;Group Stage;1;5;90;1;0;0;0;2001-05-24;Puma;Future 7 Ultimate;Puma White/Puma Black/Poison Pink;New;;487606;Defender;2;97;97
Mitrovic, Aleksandar;Serbia;England;Group Stage;1;5;61;1;0;0;0;1994-09-16;Puma;Ultra Play;Sun Stream/Puma Black/Sunset Glow;New;;128389;Forward;9;97;63
Birmancevic, Veljko;Serbia;England;Group Stage;1;5;16;0;1;0;0;1998-03-05;Nike;Mercurial Vapor XV Elite;Atmosphere Grey/Black;New;;228439;Midfielder;26;97;21
Vlahovic, Dusan;Serbia;England;Group Stage;1;5;90;1;0;0;0;2000-01-28;Nike;Mercurial Vapor XV Elite;Pink Foam/Black;New;;225479;Forward;7;97;97
Tadic, Dusan;Serbia;England;Group Stage;1;5;29;0;1;0;0;1988-11-20;Nike;Tiempo Legend X Elite;Pink Foam/Black;New;;62399;Forward;10;97;34
Gudelj, Nemanja;Serbia;England;Group Stage;1;5;45;1;0;0;0;1991-11-16;Puma;Ultra Ultimate;Sun Stream/Puma Black/Sunset Glow;New;;72154;Midfielder;6;97;48
Lukic, Sasa;Serbia;England;Group Stage;1;5;61;1;0;0;0;1996-08-13;Nike;"	Mercurial Superfly IX Elite";Pink Foam/Black;New;;212314;Midfielder;22;97;63
Veljkovic, Milos;Serbia;England;Group Stage;1;5;90;1;0;0;0;1995-09-26;Nike;Tiempo Legend X Elite;Lemonade/Black/Metallic Gold Coin;New;;153265;Defender;13;97;97
Mainoo, Kobbie;England;Serbia;Group Stage;1;5;4;0;1;0;0;2005-04-19;Nike;Phantom GX II Elite;Sunset Pulse/Black;New;;516895;Midfielder;26;97;9
Trippier, Kieran;England;Serbia;Group Stage;1;5;90;1;0;0;0;1990-09-19;adidas;F50 Elite;Ftwr White/Solar Red/Lucid Blue;New;;77794;Defender;12;97;97
Gallagher, Conor;England;Serbia;Group Stage;1;5;21;0;1;0;0;2000-02-06;Nike;Mercurial Vapor XV Elite;Pink Foam/Black;New;;232787;Midfielder;16;97;26
Pickford, Jordan;England;Serbia;Group Stage;1;5;90;1;0;0;0;1994-03-07;Puma;Ultra Ultimate;Sun Stream/Puma Black/Sunset Glow;New;;111234;Goalkeeper;1;97;97
Kane, Harry;England;Serbia;Group Stage;1;5;90;1;0;0;0;1993-07-28;Skechers;SKX 01 Low;Silver/Green;New;;78830;Forward;9;97;97
Alexander-Arnold, Trent;England;Serbia;Group Stage;1;5;69;1;0;0;0;1998-10-07;adidas;Predator Elite Tongue;Lucid Blue/Ftwr White/Solar Red;New;;169187;Midfielder;8;97;72
Foden, Phil;England;Serbia;Group Stage;1;5;90;1;0;0;0;2000-05-28;Nike;Phantom GX II Elite;Sunset Pulse/Black;New;;209244;Midfielder;11;97;97
Stones, John;England;Serbia;Group Stage;1;5;90;1;0;0;0;1994-05-28;Nike;Phantom GX II Elite;Sunset Pulse/Black;New;;97299;Defender;5;97;97
Walker, Kyle;England;Serbia;Group Stage;1;5;90;1;0;0;0;1990-05-28;Puma;Ultra Ultimate;Sun Stream/Puma Black/Sunset Glow;New;;58621;Defender;2;97;97
Bowen, Jarrod;England;Serbia;Group Stage;1;5;14;0;1;0;0;1996-12-20;adidas;F50 Elite;Ftwr White/Solar Red/Lucid Blue;New;;178186;Forward;20;97;19
Guéhi, Marc;England;Serbia;Group Stage;1;5;90;1;0;0;0;2000-07-13;Nike;Phantom GX II Elite;Sunset Pulse/Black;New;;209036;Defender;6;97;97
Saka, Bukayo;England;Serbia;Group Stage;1;5;76;1;0;0;0;2001-09-05;New Balance;Furon v7+ Pro;White/Gold/Black;New;;223340;Midfielder;7;97;78
Rice, Declan;England;Serbia;Group Stage;1;5;90;1;0;0;0;1999-01-14;adidas;Copa Pure 2+;Ftwr White/Lucid Blue/Solar Red;New;;204480;Midfielder;4;97;97
Bellingham, Jude;England;Serbia;Group Stage;1;5;86;1;0;1;1;2003-06-29;adidas;Predator Elite Tongue;Lucid Blue/Ftwr White/Solar Red;New;;244855;Midfielder;10;97;89
Kurtic, Jasmin;Slovenia;Denmark;Group Stage;1;6;1;0;1;0;0;1989-01-10;Nike;Phantom Luna II Elite;Sunset Pulse/Black;New;;92519;Midfielder;14;96;1
Verbic, Benjamin;Slovenia;Denmark;Group Stage;1;6;23;0;1;0;0;1993-11-27;Nike;Mercurial Vapor XV Elite;White/Bright Crimson/Black;New;;112604;Midfielder;7;96;28
Elsnik, Timi Max;Slovenia;Denmark;Group Stage;1;6;76;1;0;0;0;1998-04-29;Nike;Phantom GX II Elite;Sunset Pulse/Black;New;;207020;Midfielder;10;96;77
Stojanovic, Petar;Slovenia;Denmark;Group Stage;1;6;67;1;0;0;0;1995-10-07;Nike;Mercurial Vapor XIV Elite;Chlorine Blue/Laser Orange/Marina;New;;153814;Midfielder;20;96;68
Bijol, Jaka;Slovenia;Denmark;Group Stage;1;6;90;1;0;0;0;1999-02-05;adidas;Predator Elite;Lucid Blue/Ftwr White/Solar Red;New;;434752;Defender;6;96;96
Janza, Erik;Slovenia;Denmark;Group Stage;1;6;90;1;0;1;0;1993-06-21;adidas;F50 Elite;Ftwr White/Solar Red/Lucid Blue;New;;101959;Defender;13;96;96
Gnezda Cerin, Adam;Slovenia;Denmark;Group Stage;1;6;90;1;0;0;0;1999-07-16;adidas;Copa Pure 2+;Ftwr White/Lucid Blue/Solar Red;New;;234809;Midfielder;22;96;96
Drkusic, Vanja;Slovenia;Denmark;Group Stage;1;6;90;1;0;0;0;1999-10-30;Nike;Tiempo Legend X Elite;Lemonade/Black/Metallic Gold Coin;New;;462097;Defender;21;96;96
Sesko, Benjamin;Slovenia;Denmark;Group Stage;1;6;89;1;0;0;0;2003-05-31;Nike;Mercurial Vapor XV Elite;Pink Foam/Black;New;;485711;Forward;11;96;96
Sporar, Andraz;Slovenia;Denmark;Group Stage;1;6;89;1;0;0;0;1994-02-27;Nike;Mercurial Vapor XV Elite;Pink Foam/Black;New;;107798;Forward;9;96;96
Celar, Zan;Slovenia;Denmark;Group Stage;1;6;15;0;1;0;0;1999-03-14;Nike;Mercurial Vapor XV Elite;Pink Foam/Black;New;;429647;Forward;19;96;20
Gorenc Stankovic, Jon;Slovenia;Denmark;Group Stage;1;6;14;0;1;0;0;1996-01-14;Nike;Tiempo Legend X Elite;Dark Atomic Teal/Sail;New;;192301;Midfielder;5;96;20
Karnicnik, Zan;Slovenia;Denmark;Group Stage;1;6;90;1;0;0;0;1994-09-18;adidas;F50 Elite;Ftwr White/Solar Red/Lucid Blue;New;;457317;Defender;2;96;96
Mlakar, Jan;Slovenia;Denmark;Group Stage;1;6;75;1;0;0;0;1998-10-23;Nike;Mercurial Vapor XV Elite;Pink Foam/Black;New;;207025;Midfielder;17;96;76
Brekalo, David;Slovenia;Denmark;Group Stage;1;6;1;0;1;0;0;1998-12-03;adidas;X Crazyfast.1;Solar Red/White/Team Solar Yellow;New;;487262;Defender;23;96;1
Oblak, Jan;Slovenia;Denmark;Group Stage;1;6;90;1;0;0;0;1993-01-07;Puma;Future 7 Ultimate;Sunset Glow/Puma Black/Sun Stream;New;;81352;Goalkeeper;1;96;96
Nørgaard, Christian;Denmark;Slovenia;Group Stage;1;6;6;0;1;0;0;1994-03-10;Puma;Future 7 Ultimate;Sunset Glow/Puma Black/Sun Stream;New;;128295;Midfielder;15;96;12
Kristiansen, Victor;Denmark;Slovenia;Group Stage;1;6;78;1;0;0;0;2002-12-16;Nike;Mercurial Vapor XV Elite;Pink Foam/Black;New;;481510;Midfielder;17;96;79
Wind, Jonas;Denmark;Slovenia;Group Stage;1;6;83;1;0;0;0;1999-02-07;Nike;Mercurial Vapor XV Elite;Pink Foam/Black;New;;226973;Forward;19;96;84
Vestergaard, Jannik;Denmark;Slovenia;Group Stage;1;6;90;1;0;0;0;1992-08-03;adidas;Copa Pure .1;White/Core Black/Lucid Lemon;New;;93100;Defender;3;96;96
Hjulmand, Morten;Denmark;Slovenia;Group Stage;1;6;89;1;0;0;0;1999-06-25;adidas;Copa Pure 2;Ftwr White/Lucid Blue/Solar Red;New;;454812;Midfielder;21;96;90
Eriksen, Christian;Denmark;Slovenia;Group Stage;1;6;90;1;0;1;1;1992-02-14;Nike;Tiempo Legend X Elite;Dark Atomic Teal/Sail;New;;80607;Forward;10;96;96
Poulsen, Yussuf;Denmark;Slovenia;Group Stage;1;6;7;0;1;0;0;1994-06-15;Nike;Tiempo Legend X Elite;Pink Foam/Black;New;;166028;Forward;20;96;12
Højlund, Rasmus;Denmark;Slovenia;Group Stage;1;6;83;1;0;0;0;2003-02-04;Nike;Mercurial Vapor XV Elite;Atmosphere Grey/Black;New;;497894;Forward;9;96;84
Højbjerg, Pierre-Emile;Denmark;Slovenia;Group Stage;1;6;84;1;0;0;0;1995-08-05;adidas;Predator Elite Tongue;Lucid Blue/Ftwr White/Solar Red;New;;132015;Midfielder;23;96;85
Mæhle, Joakim;Denmark;Slovenia;Group Stage;1;6;12;0;1;0;0;1997-05-20;adidas;F50 Elite;Ftwr White/Solar Red/Lucid Blue;New;;229220;Defender;5;96;18
Bah, Alexander;Denmark;Slovenia;Group Stage;1;6;90;1;0;0;0;1997-12-09;Nike;Mercurial Vapor XV Elite;White/Bright Crimson/Black;New;;461266;Midfielder;18;96;96
Dolberg, Kasper;Denmark;Slovenia;Group Stage;1;6;7;0;1;0;0;1997-10-06;Nike;Mercurial Vapor XV Elite;Pink Foam/Black;New;;209914;Forward;12;96;12
Schmeichel, Kasper;Denmark;Slovenia;Group Stage;1;6;90;1;0;0;0;1986-11-05;Nike;Mercurial Vapor XV Elite;Pink Foam/Black;New;;17745;Goalkeeper;1;96;96
Andersen, Joachim;Denmark;Slovenia;Group Stage;1;6;90;1;0;0;0;1996-05-31;Puma;Future 7 Ultimate;Sunset Glow/Puma Black/Sun Stream;New;;174874;Defender;2;96;96
Christensen, Andreas;Denmark;Slovenia;Group Stage;1;6;90;1;0;0;0;1996-04-10;adidas;Predator Elite Tongue;Lucid Blue/Ftwr White/Solar Red;New;;135363;Defender;6;96;96
Delaney, Thomas;Denmark;Slovenia;Group Stage;1;6;1;0;1;0;0;1991-09-03;Nike;Phantom GX II Elite;White/Black/Metallic Gold Coin;New;;68640;Midfielder;8;96;6
Piotrowski, Jakub;Poland;Netherlands;Group Stage;1;7;12;0;1;0;0;1997-10-04;adidas;Predator Elite;Lucid Blue/Ftwr White/Solar Red;New;;219155;Midfielder;6;97;18
Salamon, Bartosz;Poland;Netherlands;Group Stage;1;7;86;1;0;0;0;1991-05-01;Nike;Tiempo Legend VII Elite;White/Metallic Cool Grey/Blue Hero;New;;50246;Defender;2;97;87
Bereszynski, Bartosz;Poland;Netherlands;Group Stage;1;7;4;0;1;0;0;1992-07-12;Puma;Ultra Ultimate;Sun Stream/Puma Black/Sunset Glow;New;;84724;Defender;18;97;10
Zielinski, Piotr;Poland;Netherlands;Group Stage;1;7;78;1;0;0;0;1994-05-20;adidas;F50 Elite;Ftwr White/Solar Red/Lucid Blue;New;Laceless;126440;Midfielder;10;97;79
Sebastian Szymanski;Poland;Netherlands;Group Stage;1;7;45;1;0;0;0;1999-05-10;Nike;Mercurial Vapor XV Elite;Pink Foam/Black;New;;234516;Midfielder;20;97;47
Buksa, Adam;Poland;Netherlands;Group Stage;1;7;90;1;0;1;0;1996-07-12;Puma;Future 7 Ultimate;Sunset Glow/Puma Black/Sun Stream;New;;186734;Forward;16;97;97
Bednarek, Jan;Poland;Netherlands;Group Stage;1;7;90;1;0;0;0;1996-04-12;adidas;Predator Elite;Lucid Blue/Ftwr White/Solar Red;New;;171771;Defender;5;97;97
Zalewski, Nicola;Poland;Netherlands;Group Stage;1;7;90;1;0;0;0;2002-01-23;Nike;Mercurial Superfly IX Elite;Pink Foam/Black;New;;466147;Midfielder;21;97;97
Slisz, Bartosz;Poland;Netherlands;Group Stage;1;7;35;0;1;0;0;1999-03-29;adidas;Copa Pure 2+;Ftwr White/Lucid Blue/Solar Red;New;;243503;Midfielder;24;97;41
Romanczuk, Taras;Poland;Netherlands;Group Stage;1;7;55;1;0;0;0;1991-11-14;Nike;Tiempo Legend VII Elite;White/Metallic Cool Grey/Blue Hero;New;;192767;Midfielder;13;97;56
Moder, Jakub;Poland;Netherlands;Group Stage;1;7;45;0;1;0;0;1999-04-07;adidas;Predator Elite Tongue;Lucid Blue/Ftwr White/Solar Red;New;;243505;Midfielder;8;97;51
Frankowski, Przemyslaw;Poland;Netherlands;Group Stage;1;7;90;1;0;0;0;1995-04-12;Kipsta;CLR900;White/Volt;New;;140040;Midfielder;19;97;97
Swiderski, Karol;Poland;Netherlands;Group Stage;1;7;35;0;1;0;0;1997-01-23;adidas;F50 Elite;Ftwr White/Solar Red/Lucid Blue;New;;192247;Forward;7;97;41
Kiwior, Jakub;Poland;Netherlands;Group Stage;1;7;90;1;0;0;0;2000-02-15;adidas;F50 Elite;Ftwr White/Solar Red/Lucid Blue;New;Laceless;440854;Defender;14;97;97
Szczesny, Wojciech;Poland;Netherlands;Group Stage;1;7;90;1;0;0;0;1990-04-18;New Balance;Tekela V4 Magia;Copper/Black;New;Laceless;59936;Goalkeeper;1;97;97
Urbanski, Kacper;Poland;Netherlands;Group Stage;1;7;55;1;0;0;0;2004-09-07;adidas;F50 Elite;Ftwr White/Solar Red/Lucid Blue;New;Laceless;500922;Forward;26;97;56
Simons, Xavi;Netherlands;Poland;Group Stage;1;7;62;1;0;0;0;2003-04-21;Puma;King Ultimate;Sun Stream/Puma Black/Sunset Glow;New;;493362;Midfielder;7;97;64
Malen, Donyell;Netherlands;Poland;Group Stage;1;7;28;0;1;0;0;1999-01-19;adidas;F50 Elite;Ftwr White/Solar Red/Lucid Blue;New;;204646;Forward;18;97;34
Verbruggen, Bart;Netherlands;Poland;Group Stage;1;7;90;1;0;0;0;2002-08-18;adidas;Predator Elite;Lucid Blue/Ftwr White/Solar Red;New;;489639;Goalkeeper;1;97;97
Wijnaldum, Georginio;Netherlands;Poland;Group Stage;1;7;28;0;1;0;0;1990-11-11;adidas;F50 Elite;Ftwr White/Solar Red/Lucid Blue;New;;41733;Midfielder;8;97;34
van de Ven, Micky;Netherlands;Poland;Group Stage;1;7;3;0;1;0;0;2001-04-19;Nike;Mercurial Vapor XV Elite;Pink Foam/Black;New;;491279;Defender;15;97;9
Veerman, Joey;Netherlands;Poland;Group Stage;1;7;62;1;0;0;0;1998-11-19;adidas;Predator Elite Tongue;Lucid Blue/Ftwr White/Solar Red;New;;231653;Midfielder;16;97;63
Weghorst, Wout;Netherlands;Poland;Group Stage;1;7;9;0;1;1;0;1992-08-07;adidas;X Crazyfast+;Solar Red/White/Team Solar Yellow;New;;120202;Forward;9;97;15
Reijnders, Tijjani;Netherlands;Poland;Group Stage;1;7;90;1;0;0;0;1998-07-29;Mizuno;Alpha;Laser Blue/White/Gold;New;;433036;Midfielder;14;97;97
Aké, Nathan;Netherlands;Poland;Group Stage;1;7;87;1;0;0;0;1995-02-18;Nike;Phantom Luna II Elite;Sunset Pulse/Black;New;;126184;Defender;5;97;88
Dumfries, Denzel;Netherlands;Poland;Group Stage;1;7;90;1;0;0;0;1996-04-18;adidas;F50 Elite;Ftwr White/Solar Red/Lucid Blue;New;;199432;Defender;22;97;97
Gakpo, Cody;Netherlands;Poland;Group Stage;1;7;81;1;0;1;1;1999-05-07;Puma;Ultra Ultimate;Sun Stream/Puma Black/Sunset Glow;New;;243298;Midfielder;11;97;82
Depay, Memphis;Netherlands;Poland;Group Stage;1;7;81;1;0;0;0;1994-02-13;Puma;Ultra Play;Sun Stream/Puma Black/Sunset Glow;New;;106824;Forward;10;97;82
de Vrij, Stefan;Netherlands;Poland;Group Stage;1;7;90;1;0;0;0;1992-02-05;Nike;Tiempo Legend X Elite;Lemonade/Black/Metallic Gold Coin;New;;78140;Defender;6;97;97
Schouten, Jerdy;Netherlands;Poland;Group Stage;1;7;90;1;0;0;0;1997-01-12;adidas;X 19.1;White/Core Black/Shock Pink;New;;230152;Midfielder;24;97;97
van Dijk, Virgil;Netherlands;Poland;Group Stage;1;7;90;1;0;0;0;1991-07-08;Nike;Tiempo Legend X Elite;Pink Foam/Black;New;;97032;Defender;4;97;97
Frimpong, Jeremie;Netherlands;Poland;Group Stage;1;7;9;0;1;0;0;2000-12-10;Puma;Ultra Ultimate;Sun Stream/Puma Black/Sunset Glow;New;;216094;Defender;12;97;15
Trauner, Gernot;Austria;France;Group Stage;1;8;31;0;1;0;0;1992-03-25;Nike;Tiempo Legend X Elite;White/Black/Bright Crimson;New;;84807;Defender;3;101;41
Laimer, Konrad;Austria;France;Group Stage;1;8;89;1;0;0;0;1997-05-27;adidas;F50 Elite;Ftwr White/Solar Red/Lucid Blue;New;;109126;Midfielder;20;101;92
Mwene, Phillipp;Austria;France;Group Stage;1;8;88;1;0;0;0;1994-01-29;adidas;F50 Elite;Ftwr White/Solar Red/Lucid Blue;New;Laceless;160158;Defender;16;101;89
Posch, Stefan;Austria;France;Group Stage;1;8;90;1;0;0;0;1997-05-14;adidas;F50 Elite;Ftwr White/Solar Red/Lucid Blue;New;;191803;Defender;5;101;101
Arnautovic, Marko;Austria;France;Group Stage;1;8;31;0;1;0;0;1989-04-19;Puma;Future 7 Ultimate;Sunset Glow/Puma Black/Sun Stream;New;;41464;Forward;7;101;41
Prass, Alexander;Austria;France;Group Stage;1;8;2;0;1;0;0;2001-05-26;adidas;F50 Elite;Ftwr White/Solar Red/Lucid Blue;New;;442305;Midfielder;8;101;12
Pentz, Patrick;Austria;France;Group Stage;1;8;90;1;0;0;0;1997-01-02;Nike;Mercurial Vapor XV Elite;Pink Foam/Black;New;;208766;Goalkeeper;13;101;101
Sabitzer, Marcel;Austria;France;Group Stage;1;8;90;1;0;0;0;1994-03-17;Nike;Mercurial Superfly IX Elite;White/Black/Metallic Gold;New;;101338;Midfielder;9;101;101
Wimmer, Patrick;Austria;France;Group Stage;1;8;30;0;1;0;0;2001-05-30;Puma;Ultra Ultimate;Sun Stream/Puma Black/Sunset Glow;New;;486206;Midfielder;23;101;41
Danso, Kevin;Austria;France;Group Stage;1;8;90;1;0;0;0;1998-09-19;Puma;Future 7 Ultimate;Sunset Glow/Puma Black/Sun Stream;New;;135720;Defender;4;101;101
Wöber, Max;Austria;France;Group Stage;1;8;59;1;0;OG;0;1998-02-04;adidas;Copa Pure 2;Ftwr White/Lucid Blue/Solar Red;New;;220087;Defender;2;101;60
Seiwald, Nicolas;Austria;France;Group Stage;1;8;90;1;0;0;0;2001-05-04;Nike;Phantom GX II Elite;Sunset Pulse/Black;New;;478196;Midfielder;6;101;101
Gregoritsch, Michael;Austria;France;Group Stage;1;8;59;1;0;0;0;1994-04-18;adidas;Predator Elite;Lucid Blue/Ftwr White/Solar Red;New;;62480;Forward;11;101;60
Grillitsch, Florian;Austria;France;Group Stage;1;8;60;1;0;0;0;1995-08-07;adidas;Predator Elite;Lucid Blue/Ftwr White/Solar Red;New;Laceless;210159;Midfielder;10;101;61
Schmid, Romano;Austria;France;Group Stage;1;8;1;0;1;0;0;2000-01-27;adidas;F50 Elite;Ftwr White/Solar Red/Lucid Blue;New;;228564;Midfielder;18;101;9
Baumgartner, Christoph;Austria;France;Group Stage;1;8;90;1;0;0;0;1999-08-01;adidas;F50 Elite;Ftwr White/Solar Red/Lucid Blue;New;;454831;Midfielder;19;101;101
Upamecano, Dayot;France;Austria;Group Stage;1;8;90;1;0;0;0;1998-10-27;Nike;Phantom Luna II Elite;White/Black/Metallic Gold Coin;New;;199661;Defender;4;101;101
Thuram, Marcus;France;Austria;Group Stage;1;8;90;1;0;0;0;1997-08-06;Nike;Mercurial Vapor XV Elite;Pink Foam/Black;New;;205880;Midfielder;15;101;101
Koundé, Jules;France;Austria;Group Stage;1;8;90;1;0;0;0;1998-11-12;adidas;Predator Elite Tongue;Lucid Blue/Ftwr White/Solar Red;New;;220325;Defender;5;101;101
Griezmann, Antoine;France;Austria;Group Stage;1;8;89;1;0;0;0;1991-03-21;Puma;Ultra Ultimate;Sun Stream/Puma Black/Sunset Glow;New;;76650;Midfielder;7;101;92
Rabiot, Adrien;France;Austria;Group Stage;1;8;71;1;0;0;0;1995-04-03;Nike;Phantom GX II Elite;Sunset Pulse/Black;New;;120743;Midfielder;14;101;72
Fofana, Youssouf;France;Austria;Group Stage;1;8;1;0;1;0;0;1999-01-10;adidas;Predator Elite;Lucid Blue/Ftwr White/Solar Red;New;Laceless;461913;Midfielder;19;101;10
Hernández, Théo;France;Austria;Group Stage;1;8;90;1;0;0;0;1997-10-06;Puma;Ultra Ultimate;Sun Stream/Puma Black/Sunset Glow;New;;222784;Defender;22;101;101
Kanté, N'Golo;France;Austria;Group Stage;1;8;90;1;0;0;1;1991-03-29;adidas;X 18.1;Active Red/Silver Metallic/Bold Blue;New;;116594;Midfielder;13;101;101
Camavinga, Eduardo;France;Austria;Group Stage;1;8;19;0;1;0;0;2002-11-10;Nike;Phantom GX II Elite;Sunset Pulse/Black;New;;475561;Midfielder;6;101;29
Mbappé, Kylian;France;Austria;Group Stage;1;8;89;1;0;0;0;1998-12-20;Nike;Mercurial Superfly IX Elite;Pink Foam/Black;New;;220160;Forward;10;101;91
Giroud, Olivier;France;Austria;Group Stage;1;8;1;0;1;0;0;1986-09-30;Puma;Ultra Ultimate;Sun Stream/Puma Black/Sunset Glow;New;;44346;Forward;9;101;10
Dembélé, Ousmane;France;Austria;Group Stage;1;8;71;1;0;0;0;1997-05-15;adidas;F50 Elite;Ftwr White/Solar Red/Lucid Blue;New;Laceless;219438;Midfielder;11;101;72
Saliba, William;France;Austria;Group Stage;1;8;90;1;0;0;0;2001-03-24;Nike;Tiempo Legend X Elite;Pink Foam/Black;New;;462424;Defender;17;101;101
Kolo Muani, Randal;France;Austria;Group Stage;1;8;19;0;1;0;0;1998-12-05;adidas;Predator Elite;Lucid Blue/Ftwr White/Solar Red;New;Laceless;247693;Forward;12;101;29
Maignan, Mike;France;Austria;Group Stage;1;8;90;1;0;0;0;1995-07-03;adidas;Predator Elite;Lucid Blue/Ftwr White/Solar Red;New;;129487;Goalkeeper;16;101;101
Lukébakio, Dodi;Belgium;Slovakia;Group Stage;1;9;6;0;1;0;0;1997-09-24;Nike;Mercurial Vapor XV Elite;Pink Foam/Black;New;;219002;Forward;14;101;15
Lukaku, Romelu;Belgium;Slovakia;Group Stage;1;9;90;1;0;0;0;1993-05-13;Nike;Mercurial Vapor XV Elite;Lemonade/Black;New;;66749;Forward;10;101;101
Onana, Amadou;Belgium;Slovakia;Group Stage;1;9;90;1;0;0;0;2001-08-16;adidas;Copa Pure 2+;Ftwr White/Lucid Blue/Solar Red;New;;449871;Midfielder;24;101;101
Faes, Wout;Belgium;Slovakia;Group Stage;1;9;90;1;0;0;0;1998-04-03;adidas;Predator Elite;Lucid Blue/Ftwr White/Solar Red;New;;218218;Defender;4;101;101
De Bruyne, Kevin;Belgium;Slovakia;Group Stage;1;9;90;1;0;0;0;1991-06-28;Nike;Phantom Luna II Elite;Sunset Pulse/Black;New;;61366;Midfielder;7;101;101
Tielemans, Youri;Belgium;Slovakia;Group Stage;1;9;16;0;1;0;0;1997-05-07;Nike;Phantom GX II Elite;Sunset Pulse/Black;New;;166989;Midfielder;8;101;25
Castagne, Timothy;Belgium;Slovakia;Group Stage;1;9;90;1;0;0;0;1995-12-05;adidas;Predator Elite;Lucid Blue/Ftwr White/Solar Red;New;;166477;Defender;21;101;101
Doku, Jérémy;Belgium;Slovakia;Group Stage;1;9;84;1;0;0;0;2002-05-27;Nike;Mercurial Vapor XV Elite;Pink Foam/Black;New;;248875;Midfielder;22;101;86
Bakayoko, Johan;Belgium;Slovakia;Group Stage;1;9;33;0;1;0;0;2003-04-20;Puma;Future 7 Ultimate;Sunset Glow/Puma Black/Sun Stream;New;Shoe lace removed;519638;Forward;19;101;42
Openda, Loïs;Belgium;Slovakia;Group Stage;1;9;6;0;1;0;0;2000-02-16;adidas;Predator Elite;Lucid Blue/Ftwr White/Solar Red;New;Laceless;235084;Forward;20;101;15
Carrasco, Yannick;Belgium;Slovakia;Group Stage;1;9;84;1;0;0;0;1993-09-04;Nike;Mercurial Vapor XV Elite;Pink Foam/Black;New;;119718;Defender;11;101;86
Casteels, Koen;Belgium;Slovakia;Group Stage;1;9;90;1;0;0;0;1992-06-25;Nike;Tiempo Legend X Elite;White/Black/Bright Crimson;New;;66763;Goalkeeper;1;101;101
Debast, Zeno;Belgium;Slovakia;Group Stage;1;9;90;1;0;0;0;2003-10-24;Nike;Mercurial Vapor XV Elite;Pink Foam/Black;New;;532091;Defender;2;101;101
Mangala, Orel;Belgium;Slovakia;Group Stage;1;9;57;1;0;0;0;1998-03-18;adidas;Copa Pure 2+;Ftwr White/Lucid Blue/Solar Red;New;;179519;Midfielder;18;101;60
Trossard, Leandro;Belgium;Slovakia;Group Stage;1;9;74;1;0;0;0;1994-12-04;adidas;X Crazyfast+;Solar Red/White/Team Solar Yellow;New;;116216;Midfielder;9;101;77
Pekarík, Peter;Slovakia;Belgium;Group Stage;1;9;90;1;0;0;0;1986-10-30;Nike;Mercurial Superfly IX Elite;Lemonade/Black;New;;42614;Defender;2;101;101
Duda, Ondrej;Slovakia;Belgium;Group Stage;1;9;89;1;0;0;0;1994-12-05;adidas;F50 Elite;Ftwr White/Solar Red/Lucid Blue;New;Laceless;139110;Midfielder;8;101;97
Duris, Dávid;Slovakia;Belgium;Group Stage;1;9;9;0;1;0;0;1999-03-22;Nike;Mercurial Vapor XV Elite;Hyper Turquoise/Fuchsia Dream/Black/White;New;;465867;Forward;20;101;18
Hancko, Dávid;Slovakia;Belgium;Group Stage;1;9;90;1;0;0;0;1997-12-13;Puma;Future 7 Ultimate;Sunset Glow/Puma Black/Sun Stream;New;;235093;Defender;16;101;101
Schranz, Ivan;Slovakia;Belgium;Group Stage;1;9;81;1;0;1;0;1993-09-13;adidas;F50 Elite;Ftwr White/Solar Red/Lucid Blue;New;;112201;Forward;26;101;84
Dúbravka, Martin;Slovakia;Belgium;Group Stage;1;9;90;1;0;0;0;1989-01-15;Nike;Mercurial Vapor XV Elite;Lemonade/Black;New;;67089;Goalkeeper;1;101;101
Bozeník, Róbert;Slovakia;Belgium;Group Stage;1;9;70;1;0;0;0;1999-11-18;Nike;Mercurial Vapor XV Elite;Pink Foam/Black;New;;204694;Forward;9;101;72
Lobotka, Stanislav;Slovakia;Belgium;Group Stage;1;9;90;1;0;0;1;1994-11-25;Nike;Mercurial Vapor XV Elite Nike By You;Whiteout;New;Customised the boot;101820;Midfielder;22;101;101
Haraslín, Lukás;Slovakia;Belgium;Group Stage;1;9;70;1;0;0;0;1996-05-26;adidas;F50 Elite;Ftwr White/Solar Red/Lucid Blue;New;;173131;Forward;17;101;72
Obert, Adam;Slovakia;Belgium;Group Stage;1;9;1;0;1;0;0;2002-08-23;Nike;Mercurial Vapor XV Elite;White/Baltic Blue/Pink Blast/Indigo Haze;New;;484995;Defender;4;101;5
Kucka, Juraj;Slovakia;Belgium;Group Stage;1;9;90;1;0;0;0;1987-02-26;Mizuno;Morelia Neo IV;White/Radiant Red/Hot Coral;New;;69143;Midfielder;19;101;101
Strelec, David;Slovakia;Belgium;Group Stage;1;9;20;0;1;0;0;2001-04-04;adidas;X Crazyfast+;Solar Red/White/Team Solar Yellow;New;Left leg shoe lace changed;456304;Forward;18;101;29
Suslov, Tomás;Slovakia;Belgium;Group Stage;1;9;20;0;1;0;0;2002-06-07;adidas;Predator Elite;Lucid Blue/Ftwr White/Solar Red;New;Laceless;502251;Midfielder;7;101;29
Vavro, Denis;Slovakia;Belgium;Group Stage;1;9;90;1;0;0;0;1996-04-10;Nike;Mercurial Vapor XV Elite;Hyper Turquoise/Fuchsia Dream/Black/White;New;;164266;Defender;3;101;101
Skriniar, Milan;Slovakia;Belgium;Group Stage;1;9;90;1;0;0;0;1995-02-11;Puma;Future 7 Ultimate;Sunset Glow/Puma Black/Sun Stream;New;;112065;Defender;14;101;101
Marius Marin;Romania;Ukraine;Group Stage;1;10;75;1;0;0;0;1998-08-30;adidas;F50 Elite;Ftwr White/Solar Red/Lucid Blue;New;Laceless;243783;Midfielder;6;97;77
Racovitan, Bogdan;Romania;Ukraine;Group Stage;1;10;3;0;1;0;0;2000-06-06;adidas;Copa Pure 2+;Shadow Red/White/Team Solar Yellow;New;;512111;Defender;24;97;8
Burca, Andrei;Romania;Ukraine;Group Stage;1;10;90;1;0;0;0;1993-04-15;Nike;Tiempo Legend IX Elite;Space Purple/White/Off Noir/Pink Blast;New;;234269;Defender;15;97;97
Nita, Florin;Romania;Ukraine;Group Stage;1;10;90;1;0;0;0;1987-07-03;Joma;Propulsion Cup 23;White/Black;New;Shoe ankle removed;101542;Goalkeeper;1;97;97
Stanciu, Nicolae;Romania;Ukraine;Group Stage;1;10;87;1;0;1;1;1993-05-07;Nike;Phantom GT II Elite;Glacier Ice/Black/Yellow Strike;New;;83289;Midfielder;21;97;89
Dragusin, Radu;Romania;Ukraine;Group Stage;1;10;90;1;0;0;0;2002-02-03;Nike;Mercurial Vapor XV Elite;Lemonade/Black;New;;493125;Defender;3;97;97
Mihaila, Valentin;Romania;Ukraine;Group Stage;1;10;28;0;1;0;0;2000-02-02;Nike;Mercurial Vapor XV Elite;Pink Foam/Black;New;;439185;Midfielder;13;97;33
Bancu, Nicusor;Romania;Ukraine;Group Stage;1;10;90;1;0;0;0;1992-09-18;Puma;Ultra Ultimate;Electric Peppermint/Puma White/Fast Yellow;New;;192152;Defender;11;97;97
Man, Dennis;Romania;Ukraine;Group Stage;1;10;62;1;0;0;0;1998-08-26;Puma;Ultra Ultimate;Sun Stream/Puma Black/Sunset Glow;New;;235905;Midfielder;20;97;64
Rus, Adrian;Romania;Ukraine;Group Stage;1;10;15;0;1;0;0;1996-03-18;Nike;Mercurial Vapor XIII Elite;Laser Orange/Black/White;New;;430238;Defender;4;97;20
Puscas, George;Romania;Ukraine;Group Stage;1;10;15;0;1;0;0;1996-04-08;Nike;Phantom GT II Elite;White/Black/Bright Crimson/Pink Blast;New;;174654;Forward;9;97;20
Coman, Florinel;Romania;Ukraine;Group Stage;1;10;62;1;0;0;0;1998-04-10;Nike;Mercurial Superfly IX Elite;Pink Foam/Black;New;;208974;Midfielder;17;97;64
Hagi, Ianis;Romania;Ukraine;Group Stage;1;10;28;0;1;0;0;1998-10-22;Nike;Mercurial Vapor XV Elite;Pink Foam/Black;New;;194605;Midfielder;10;97;33
Razvan Marin;Romania;Ukraine;Group Stage;1;10;90;1;0;1;0;1996-05-23;Nike;Tiempo Legend X Elite;Pink Foam/Black;New;;163632;Midfielder;18;97;97
Ratiu, Andrei;Romania;Ukraine;Group Stage;1;10;90;1;0;0;0;1998-06-20;Nike;Mercurial Vapor XV Elite;Atmosphere Grey/Black;New;;466543;Defender;2;97;97
Dragus, Denis;Romania;Ukraine;Group Stage;1;10;75;1;0;1;0;1999-07-06;Nike;Mercurial Superfly IX Elite;Pink Foam/Black;New;;219348;Forward;19;97;77
Stepanenko, Taras;Ukraine;Romania;Group Stage;1;10;62;1;0;0;0;1989-08-08;Puma;King Ultimate;Electric Lime/Puma Black/Poison Pink;New;;68046;Midfielder;6;97;64
Mudryk, Mykhailo;Ukraine;Romania;Group Stage;1;10;90;1;0;0;0;2001-01-05;Nike;Mercurial Vapor XV Elite;Pink Foam/Black;New;;465920;Midfielder;10;97;97
Zabarnyi, Illia;Ukraine;Romania;Group Stage;1;10;90;1;0;0;0;2002-09-01;Nike;Tiempo Legend X Elite;Pink Foam/Black;New;;477580;Defender;13;97;97
Matviienko, Mykola;Ukraine;Romania;Group Stage;1;10;90;1;0;0;0;1996-05-02;Puma;Ultra Ultimate;Sun Stream/Puma Black/Sunset Glow;New;;216096;Defender;22;97;97
Tymchyk, Oleksandr;Ukraine;Romania;Group Stage;1;10;18;0;1;0;0;1997-01-20;adidas;F50 Elite;Ftwr White/Solar Red/Lucid Blue;New;Laceless;243357;Defender;24;97;23
Brazhko, Volodymyr;Ukraine;Romania;Group Stage;1;10;28;0;1;0;0;2002-01-23;adidas;Predator Elite;Team Solar Yellow/Core Black/Solar Red;New;Laceless;477586;Midfielder;18;97;33
Yaremchuk, Roman;Ukraine;Romania;Group Stage;1;10;27;0;1;0;0;1995-11-27;Nike;Mercurial Vapor XV Elite;White/Bright Crimson/Black;New;;184855;Forward;9;97;32
Lunin, Andrii;Ukraine;Romania;Group Stage;1;10;90;1;0;0;0;1999-02-11;adidas;Copa Pure 2+;Ftwr White/Lucid Blue/Solar Red;New;;224965;Goalkeeper;23;97;97
Zinchenko, Oleksandr;Ukraine;Romania;Group Stage;1;10;90;1;0;0;0;1996-12-15;Skechers;Razor;White/Blue;New;;206325;Defender;17;97;97
Konoplia, Yukhym;Ukraine;Romania;Group Stage;1;10;72;1;0;0;0;1999-08-26;Puma;King Ultimate;Sun Stream/Puma Black/Sunset Glow;New;;437869;Defender;2;97;74
Shaparenko, Mykola;Ukraine;Romania;Group Stage;1;10;63;1;0;0;0;1998-10-04;adidas;F50 Elite;Ftwr White/Solar Red/Lucid Blue;New;;208371;Midfielder;19;97;65
Yarmolenko, Andrii;Ukraine;Romania;Group Stage;1;10;27;0;1;0;0;1989-10-23;Nike;Mercurial Vapor XIV Elite;Volt/Bright Crimson/Black;New;;56377;Midfielder;7;97;32
Dovbyk, Artem;Ukraine;Romania;Group Stage;1;10;90;1;0;0;0;1997-06-21;Nike;Mercurial Superfly IX Elite;White/Baltic Blue/Pink Blast/Indigo Haze;New;;213294;Forward;11;97;97
Sudakov, Heorhii;Ukraine;Romania;Group Stage;1;10;83;1;0;0;0;2002-09-01;Nike;Mercurial Vapor XV Elite;Pink Foam/Black;New;;465911;Midfielder;14;97;85
Tsyhankov, Viktor;Ukraine;Romania;Group Stage;1;10;63;1;0;0;0;1997-11-15;Nike;Mercurial Vapor XV Elite;Lemonade/Black;New;Switched to Nike Mercurial Vapor XV Elite (White/Bright Crimson/Black) after HT;194282;Midfielder;15;97;65
Malinovskyi, Ruslan;Ukraine;Romania;Group Stage;1;10;7;0;1;0;0;1993-05-04;Puma;King Ultimate;Alpine Snow/Asphalt/Yellow Blaze;New;;157374;Midfielder;8;97;12
Kökçü, Orkun;Türkiye;Georgia;Group Stage;1;11;90;1;0;0;0;2000-12-29;Nike;Phantom GX II Elite;Sunset Pulse/Black;New;;247962;Midfielder;6;99;99
Akaydin, Samet;Türkiye;Georgia;Group Stage;1;11;90;1;0;0;0;1994-03-13;Nike;Mercurial Superfly IX Elite;White/Bright Crimson/Black;New;;245333;Defender;4;99;99
Yilmaz, Baris Alper;Türkiye;Georgia;Group Stage;1;11;90;1;0;0;0;2000-05-23;Nike;Mercurial Superfly IX Elite;Pink Foam/Black;New;;514355;Forward;21;99;99
Özcan, Salih;Türkiye;Georgia;Group Stage;1;11;1;0;1;0;0;1998-01-11;adidas;Predator Elite;Lucid Blue/Ftwr White/Solar Red;New;Laceless;204581;Midfielder;15;99;7
Demiral, Merih;Türkiye;Georgia;Group Stage;1;11;11;0;1;0;0;1998-03-05;Nike;Tiempo Legend X Elite;Pink Foam/Black;New;;439128;Defender;3;99;19
Yildiz, Kenan;Türkiye;Georgia;Group Stage;1;11;85;1;0;0;0;2005-05-04;adidas;F50 Elite;Ftwr White/Solar Red/Lucid Blue;New;;547103;Midfielder;19;99;86
Yazici, Yusuf;Türkiye;Georgia;Group Stage;1;11;11;0;1;0;0;1997-01-29;Nike;Mercurial Vapor XIV Elite;Chlorine Blue/Laser Orange/Marina;New;Shoe logo removed;220734;Forward;11;99;20
Güler, Arda;Türkiye;Georgia;Group Stage;1;11;79;1;0;1;1;2005-02-25;Nike;Mercurial Vapor XV Elite;Pink Foam/Black;New;;520250;Midfielder;8;99;80
Çelik, Zeki;Türkiye;Georgia;Group Stage;1;11;5;0;1;0;0;1997-02-17;adidas;X Crazyfast.1;Solar Red/White/Team Solar Yellow;New;Laceless;171435;Defender;2;99;13
Müldür, Mert;Türkiye;Georgia;Group Stage;1;11;85;1;0;1;0;1999-04-03;Nike;Mercurial Vapor XV Elite;White/Baltic Blue/Pink Blast/Indigo Haze;New;;224990;Defender;18;99;86
Ayhan, Kaan;Türkiye;Georgia;Group Stage;1;11;79;1;0;0;0;1994-11-10;Nike;Mercurial Superfly IX Elite;Pink Foam/Black;New;;159522;Midfielder;22;99;80
Çalhanoglu, Hakan;Türkiye;Georgia;Group Stage;1;11;89;1;0;0;0;1994-02-08;Nike;Mercurial Superfly IX Elite;Pink Foam/Black;New;;111732;Midfielder;10;99;93
Günok, Mert;Türkiye;Georgia;Group Stage;1;11;90;1;0;0;0;1989-03-01;Puma;King Ultimate;Sun Stream/Puma Black/Sunset Glow;New;;56077;Goalkeeper;1;99;99
Aktürkoglu, Kerem;Türkiye;Georgia;Group Stage;1;11;5;0;1;1;0;1998-10-21;Nike;Phantom GX II Elite;Sunset Pulse/Black;New;;498572;Forward;7;99;13
Bardakci, Abdülkerim;Türkiye;Georgia;Group Stage;1;11;90;1;0;0;0;1994-09-07;Nike;Mercurial Vapor XI;Total Crimson/Volt/Pink Blast;Old;;166050;Defender;14;99;99
Kadioglu, Ferdi;Türkiye;Georgia;Group Stage;1;11;90;1;0;0;0;1999-10-07;Nike;Mercurial Vapor XV Elite;Pink Foam/Black;New;;231416;Defender;20;99;99
Kvaratskhelia, Khvicha;Georgia;Türkiye;Group Stage;1;11;90;1;0;0;0;2001-02-12;adidas;Predator Elite;Lucid Blue/Ftwr White/Solar Red;New;Laceless;440668;Forward;7;99;99
Davitashvili, Zuriko;Georgia;Türkiye;Group Stage;1;11;17;0;1;0;0;2001-02-15;Nike;Mercurial Vapor XV Elite;Lemonade/Black;New;;449017;Forward;9;99;25
Kakabadze, Otar;Georgia;Türkiye;Group Stage;1;11;90;1;0;0;0;1995-06-27;Nike;Phantom GT II Elite;Glacier Ice/Black/Yellow Strike;New;;196258;Midfielder;2;99;99
Zivzivadze, Budu;Georgia;Türkiye;Group Stage;1;11;5;0;1;0;0;1994-03-10;adidas;X Crazyfast+;Solar Red/White/Team Solar Yellow;New;;196243;Forward;8;99;14
Chakvetadze, Giorgi;Georgia;Türkiye;Group Stage;1;11;73;1;0;0;0;1999-08-29;adidas;Predator Elite Tongue;Lucid Blue/Ftwr White/Solar Red;New;;240990;Midfielder;10;99;75
Dvali, Lasha;Georgia;Türkiye;Group Stage;1;11;90;1;0;0;0;1995-05-14;Nike;Phantom GX II Elite;White/Black/Metallic Gold Coin;New;;184375;Defender;3;99;99
Tsitaishvili, Giorgi;Georgia;Türkiye;Group Stage;1;11;74;1;0;0;0;2000-11-18;Nike;Mercurial Vapor XV Elite;Lemonade/Black;New;;451017;Midfielder;21;99;75
Kashia, Guram;Georgia;Türkiye;Group Stage;1;11;90;1;0;0;0;1987-07-04;adidas;X Crazyfast.1;White/Core Black/Lucid Lemon;New;;57304;Defender;4;99;99
Mikautadze, Georges;Georgia;Türkiye;Group Stage;1;11;90;1;0;1;0;2000-10-31;Nike;Mercurial Superfly IX Elite;Sail/Racer Blue;New;;499209;Forward;22;99;99
Kverkvelia, Solomon;Georgia;Türkiye;Group Stage;1;11;85;1;0;0;0;1992-02-06;Nike;Tiempo Legend X Elite;White/Black/Bright Crimson;New;;100531;Defender;5;99;86
Mamardashvili, Giorgi;Georgia;Türkiye;Group Stage;1;11;90;1;0;0;0;2000-09-29;Nike;Tiempo Legend X Elite;White/Black/Bright Crimson;New;;449027;Goalkeeper;25;99;99
Kochorashvili, Giorgi;Georgia;Türkiye;Group Stage;1;11;90;1;0;0;0;1999-06-29;Nike;Tiempo Legend X Elite;Pink Foam/Black;New;;428798;Midfielder;6;99;99
Mekvabishvili, Anzor;Georgia;Türkiye;Group Stage;1;11;89;1;0;0;0;2001-06-05;Nike;Mercurial Vapor XV Elite;Lemonade/Black;New;;507365;Midfielder;20;99;90
Altunashvili, Sandro;Georgia;Türkiye;Group Stage;1;11;1;0;1;0;0;1997-05-19;adidas;Predator Elite;Team Solar Yellow/Core Black/Solar Red;New;;219016;Midfielder;18;99;10
Lochoshvili, Luka;Georgia;Türkiye;Group Stage;1;11;16;0;1;0;0;1998-05-29;Nike;Tiempo Legend X Elite;Lemonade/Black/Metallic Gold Coin;New;;211265;Defender;14;99;25
Francisco Conceição;Portugal;Czechia;Group Stage;1;12;1;0;1;1;0;2002-12-14;adidas;X Crazyfast+;Team Solar Yellow/Core Black/White;New;;465630;Forward;26;96;6
Diogo Costa;Portugal;Czechia;Group Stage;1;12;90;1;0;0;0;1999-09-19;adidas;Predator Elite;Lucid Blue/Ftwr White/Solar Red;New;Laceless;216050;Goalkeeper;22;96;96
Bernardo Silva;Portugal;Czechia;Group Stage;1;12;90;1;0;0;0;1994-08-10;adidas;Copa Pure 2;Ftwr White/Lucid Blue/Solar Red;New;;165809;Forward;10;96;96
Rafael Leão;Portugal;Czechia;Group Stage;1;12;63;1;0;0;0;1999-06-10;adidas;F50 Elite;Ftwr White/Solar Red/Lucid Blue;New;Laceless;216065;Forward;17;96;64
Cristiano Ronaldo;Portugal;Czechia;Group Stage;1;12;90;1;0;0;0;1985-02-05;Nike;Mercurial Superfly IX Elite;Green Strike/Black/Stadium Green;New;;14937;Forward;7;96;96
Nuno Mendes;Portugal;Czechia;Group Stage;1;12;89;1;0;0;0;2002-06-19;adidas;F50 Elite;Ftwr White/Solar Red/Lucid Blue;New;Laceless;465206;Defender;19;96;91
Vitinha;Portugal;Czechia;Group Stage;1;12;89;1;0;0;1;2000-02-13;Nike;Mercurial Vapor XV Elite;Pink Foam/Black;New;Shoe lace removed;437858;Midfielder;23;96;91
Pepe;Portugal;Czechia;Group Stage;1;12;90;1;0;0;0;1983-02-26;adidas;Predator Elite;Lucid Blue/Ftwr White/Solar Red;New;Laceless;18522;Defender;3;96;96
Bruno Fernandes;Portugal;Czechia;Group Stage;1;12;90;1;0;0;0;1994-09-08;Nike;Mercurial Vapor XV Elite;Pink Foam/Black;New;;141746;Midfielder;8;96;96
Diogo Jota;Portugal;Czechia;Group Stage;1;12;27;0;1;0;0;1996-12-04;adidas;Predator Elite Tongue;Lucid Blue/Ftwr White/Solar Red;New;;194634;Forward;21;96;33
João Cancelo;Portugal;Czechia;Group Stage;1;12;89;1;0;0;0;1994-05-27;Nike;Mercurial Vapor XV Elite;Pink Foam/Black;New;;121145;Midfielder;20;96;91
Rúben Dias;Portugal;Czechia;Group Stage;1;12;90;1;0;0;0;1997-05-14;Nike;Phantom GX II Elite;Sunset Pulse/Black;New;;171314;Defender;4;96;96
Diogo Dalot;Portugal;Czechia;Group Stage;1;12;63;1;0;0;0;1999-03-18;Puma;Ultra Ultimate;Sun Stream/Puma Black/Sunset Glow;New;;216051;Midfielder;5;96;64
Gonçalo Inácio;Portugal;Czechia;Group Stage;1;12;27;0;1;0;0;2001-08-25;adidas;Predator Elite;Lucid Blue/Ftwr White/Solar Red;New;Laceless;509111;Defender;14;96;33
Pedro Neto;Portugal;Czechia;Group Stage;1;12;1;0;1;0;0;2000-03-09;Nike;Mercurial Vapor XV Elite;Pink Foam/Black;New;;247632;Forward;25;96;6
Nélson Semedo;Portugal;Czechia;Group Stage;1;12;1;0;1;0;0;1993-11-16;Nike;Mercurial Vapor XV Elite;Pink Foam/Black;New;;200402;Defender;2;96;6
Barák, Antonín;Czechia;Portugal;Group Stage;1;12;11;0;1;0;0;1994-12-03;Pantofola d'Oro;Superleggera 2.0;White/Black/Gold;New;Customised the boot;218784;Midfielder;7;96;17
Kuchta, Jan;Czechia;Portugal;Group Stage;1;12;60;1;0;0;0;1997-01-08;adidas;Predator Elite Tongue;Lucid Blue/Ftwr White/Solar Red;New;;240529;Forward;11;96;61
Provod, Lukás;Czechia;Portugal;Group Stage;1;12;79;1;0;1;0;1996-10-23;Nike;Mercurial Vapor XV Elite;Lemonade/Black;New;;486374;Midfielder;14;96;80
Krejcí, Ladislav;Czechia;Portugal;Group Stage;1;12;90;1;0;0;0;1999-04-20;Nike;Tiempo Legend X Elite;Lemonade/Black/Metallic Gold Coin;New;;431248;Defender;18;96;96
Holes, Tomás;Czechia;Portugal;Group Stage;1;12;89;1;0;0;0;1993-03-31;Puma;Future 7 Ultimate;Sunset Glow/Puma Black/Sun Stream;New;Shoe lace removed;122689;Defender;3;96;94
Soucek, Tomás;Czechia;Portugal;Group Stage;1;12;90;1;0;0;0;1995-02-27;adidas;X Crazyfast.1;Solar Red/White/Team Solar Yellow;New;;215439;Midfielder;22;96;96
Lingr, Ondrej;Czechia;Portugal;Group Stage;1;12;30;0;1;0;0;1998-10-07;Nike;Phantom GX II Elite;White/Black/Metallic Gold Coin;New;;195726;Midfielder;20;96;36
Doudera, David;Czechia;Portugal;Group Stage;1;12;90;1;0;0;0;1998-05-31;Nike;Mercurial Superfly IX Elite;Lemonade/Black;New;;446467;Midfielder;12;96;96
Coufal, Vladimír;Czechia;Portugal;Group Stage;1;12;90;1;0;0;0;1992-08-22;Puma;Future 7 Ultimate;Puma White/Puma Black/Poison Pink;New;;164555;Midfielder;5;96;96
Sulc, Pavel;Czechia;Portugal;Group Stage;1;12;79;1;0;0;0;2000-12-29;adidas;Predator Elite;Lucid Blue/Ftwr White/Solar Red;New;;465954;Midfielder;25;96;80
Hranác, Robin;Czechia;Portugal;Group Stage;1;12;90;1;0;OG;0;2000-01-29;Nike;Tiempo Legend X Elite;Lemonade/Black/Metallic Gold Coin;New;;465953;Defender;4;96;96
Sevcík, Petr;Czechia;Portugal;Group Stage;1;12;11;0;1;0;0;1994-05-04;adidas;Copa Pure 2+;Shadow Red/White/Team Solar Yellow;New;;225441;Midfielder;8;96;17
Chory, Tomás;Czechia;Portugal;Group Stage;1;12;1;0;1;0;0;1995-01-26;Nike;Phantom GX II Elite;White/Black/Metallic Gold Coin;New;;185389;Forward;19;96;3
Schick, Patrik;Czechia;Portugal;Group Stage;1;12;61;1;0;0;0;1996-01-24;Puma;Ultra Ultimate;Sun Stream/Puma Black/Sunset Glow;New;;196680;Forward;10;96;62
Stanek, Jindrich;Czechia;Portugal;Group Stage;1;12;90;1;0;0;0;1996-04-27;adidas;F50 Elite;Ftwr White/Solar Red/Lucid Blue;New;Laceless;179100;Goalkeeper;1;96;96
Chytil, Mojmír;Czechia;Portugal;Group Stage;1;12;29;0;1;0;0;1999-04-29;Puma;Future 7 Ultimate;Sunset Glow/Puma Black/Sun Stream;New;;472175;Forward;13;96;35
Robertson, Andy;Scotland;Switzerland;Group Stage;2;13;90;1;0;0;0;1994-03-11;Nike;Phantom GX II Elite;Sunset Pulse/Black;New;;122798;Midfielder;3;98;98
Christie, Ryan;Scotland;Switzerland;Group Stage;2;13;1;0;1;0;0;1995-02-22;adidas;Copa Pure 2;Ftwr White/Lucid Blue/Solar Red;New;;158499;Midfielder;11;98;5
Shankland, Lawrence;Scotland;Switzerland;Group Stage;2;13;1;0;1;0;0;1995-08-10;adidas;Predator Elite;Lucid Blue/Ftwr White/Solar Red;New;;116084;Forward;9;98;5
McKenna, Scott;Scotland;Switzerland;Group Stage;2;13;29;0;1;0;0;1996-11-12;adidas;Predator Elite;Team Solar Yellow/Core Black/Solar Red;New;;168281;Defender;26;98;34
Gunn, Angus;Scotland;Switzerland;Group Stage;2;13;90;1;0;0;0;1996-01-22;Puma;Ultra Ultimate;Sun Stream/Puma Black/Sunset Glow;New;;107265;Goalkeeper;1;98;98
McGinn, John;Scotland;Switzerland;Group Stage;2;13;89;1;0;0;0;1994-10-18;Nike;Phantom GX II Elite;White/Black/Metallic Gold Coin;New;;122806;Forward;7;98;93
McTominay, Scott;Scotland;Switzerland;Group Stage;2;13;90;1;0;1;0;1996-12-08;adidas;F50 Elite;Ftwr White/Solar Red/Lucid Blue;New;;195851;Forward;4;98;98
Ralston, Anthony;Scotland;Switzerland;Group Stage;2;13;90;1;0;0;0;1998-11-16;adidas;X Crazyfast.1;Team Solar Yellow/Core Black/White;New;;215372;Midfielder;2;98;98
Hanley, Grant;Scotland;Switzerland;Group Stage;2;13;90;1;0;0;0;1991-11-20;Nike;Tiempo Legend X Elite;Lemonade/Black/Metallic Gold Coin;New;;83428;Defender;5;98;98
McLean, Kenny;Scotland;Switzerland;Group Stage;2;13;11;0;1;0;0;1992-01-08;adidas;Copa Pure 2;Ftwr White/Lucid Blue/Solar Red;New;;78607;Midfielder;23;98;16
McGregor, Callum;Scotland;Switzerland;Group Stage;2;13;90;1;0;0;0;1993-06-14;Nike;Tiempo Legend X Elite;White/Black/Bright Crimson;New;;107695;Midfielder;8;98;98
Hendry, Jack;Scotland;Switzerland;Group Stage;2;13;90;1;0;0;0;1995-05-07;Nike;Phantom GX II Elite;Sunset Pulse/Black;New;;194203;Defender;13;98;98
Gilmour, Billy;Scotland;Switzerland;Group Stage;2;13;79;1;0;0;0;2001-06-11;adidas;Predator Elite Tongue;Lucid Blue/Ftwr White/Solar Red;New;;243568;Midfielder;14;98;82
Adams, Ché;Scotland;Switzerland;Group Stage;2;13;89;1;0;0;0;1996-07-13;Nike;Mercurial Vapor XV Elite;Pink Blast/Volt/Gridiron;New;;200439;Forward;10;98;94
Tierney, Kieran;Scotland;Switzerland;Group Stage;2;13;61;1;0;0;0;1997-06-05;adidas;X Crazyfast.1;Solar Red/White/Team Solar Yellow;New;;192895;Defender;6;98;64
Vargas, Rubén;Switzerland;Scotland;Group Stage;2;13;75;1;0;0;0;1998-08-05;adidas;F50 Elite;Ftwr White/Solar Red/Lucid Blue;New;Laceless;429534;Forward;17;98;78
Xhaka, Granit;Switzerland;Scotland;Group Stage;2;13;90;1;0;0;0;1992-09-27;Puma;Future 7 Ultimate;Sunset Glow/Puma Black/Sun Stream;New;;84450;Midfielder;10;98;98
Rieder, Fabian;Switzerland;Scotland;Group Stage;2;13;15;0;1;0;0;2002-02-16;Nike;Mercurial Vapor XV Elite;Pink Foam/Black;New;;449787;Midfielder;26;98;20
Sierro, Vincent;Switzerland;Scotland;Group Stage;2;13;15;0;1;0;0;1995-10-08;adidas;Nemeziz .1;White/Screaming Orange/Core Black;New;;209208;Midfielder;16;98;20
Widmer, Silvan;Switzerland;Scotland;Group Stage;2;13;86;1;0;0;0;1993-03-05;adidas;Predator Elite;Lucid Blue/Ftwr White/Solar Red;New;;120781;Midfielder;3;98;89
Ndoye, Dan;Switzerland;Scotland;Group Stage;2;13;86;1;0;0;0;2000-10-25;Nike;Mercurial Vapor XIV Elite;Grey/Blackened Blue;New;;456512;Forward;19;98;89
Freuler, Remo;Switzerland;Scotland;Group Stage;2;13;75;1;0;0;0;1992-04-15;Nike;Phantom GX II Elite;Sunset Pulse/Black;New;;89076;Midfielder;8;98;78
Schär, Fabian;Switzerland;Scotland;Group Stage;2;13;90;1;0;0;0;1991-12-20;Puma;Ultra Play;Sun Stream/Puma Black/Sunset Glow;New;;119471;Defender;22;98;98
Shaqiri, Xherdan;Switzerland;Scotland;Group Stage;2;13;60;1;0;1;0;1991-10-10;Nike;Phantom GX II Elite;Sunset Pulse/Black;New;;68312;Forward;23;98;63
Sommer, Yann;Switzerland;Scotland;Group Stage;2;13;90;1;0;0;0;1988-12-17;Puma;Future 7 Ultimate;Sunset Glow/Puma Black/Sun Stream;New;;34683;Goalkeeper;1;98;98
Rodríguez, Ricardo;Switzerland;Scotland;Group Stage;2;13;90;1;0;0;0;1992-08-25;Nike;Tiempo Legend X Elite;Pink Foam/Black;New;;69305;Defender;13;98;98
Embolo, Breel;Switzerland;Scotland;Group Stage;2;13;30;0;1;0;0;1997-02-14;Nike;Mercurial Vapor XV Elite;Pink Foam/Black;New;;181007;Forward;7;98;35
Amdouni, Zeki;Switzerland;Scotland;Group Stage;2;13;4;0;1;0;0;2000-12-04;adidas;Predator Elite;Lucid Blue/Ftwr White/Solar Red;New;Laceless;492831;Forward;25;98;9
Stergiou, Leonidas;Switzerland;Scotland;Group Stage;2;13;4;0;1;0;0;2002-03-03;Puma;Ultra Play;Sun Stream/Puma Black/Sunset Glow;New;;476824;Defender;2;98;9
Akanji, Manuel;Switzerland;Scotland;Group Stage;2;13;90;1;0;0;1;1995-07-19;Puma;Future 7 Ultimate;Sunset Glow/Puma Black/Sun Stream;New;;211975;Defender;5;98;98
Aebischer, Michel;Switzerland;Scotland;Group Stage;2;13;90;1;0;0;0;1997-01-06;adidas;Predator Elite;Lucid Blue/Ftwr White/Solar Red;New;;235865;Midfielder;20;98;98
Can, Emre;Germany;Hungary;Group Stage;2;14;18;0;1;0;0;1994-01-12;Nike;Mercurial Superfly IX Elite;Lemonade/Black;New;;112338;Midfielder;25;96;23
Füllkrug, Niclas;Germany;Hungary;Group Stage;2;14;32;0;1;0;0;1993-02-09;Nike;Mercurial Vapor XV Elite;Pink Foam/Black;New;;91889;Forward;9;96;36
Havertz, Kai;Germany;Hungary;Group Stage;2;14;58;1;0;0;0;1999-06-11;Puma;Future 7 Ultimate;Sunset Glow/Puma Black/Sun Stream;New;;219847;Forward;7;96;61
Neuer, Manuel;Germany;Hungary;Group Stage;2;14;90;1;0;0;0;1986-03-27;adidas;Copa Pure 2;Ftwr White/Lucid Blue/Solar Red;New;;20388;Goalkeeper;1;96;96
Gündogan, Ilkay;Germany;Hungary;Group Stage;2;14;84;1;0;1;1;1990-10-24;adidas;Predator Elite;Lucid Blue/Ftwr White/Solar Red;New;;59859;Midfielder;21;96;87
Wirtz, Florian;Germany;Hungary;Group Stage;2;14;58;1;0;0;0;2003-05-03;adidas;F50 Elite;Ftwr White/Solar Red/Lucid Blue;New;;494595;Midfielder;17;96;61
Undav, Deniz;Germany;Hungary;Group Stage;2;14;6;0;1;0;0;1996-07-19;Puma;Future 7 Ultimate;Sunset Glow/Puma Black/Sun Stream;New;;450434;Forward;26;96;10
Kroos, Toni;Germany;Hungary;Group Stage;2;14;90;1;0;0;0;1990-01-04;adidas;adiPure 11Pro;Cloud White/Core Black/Gold Metallic;New;;44989;Midfielder;8;96;96
Führich, Chris;Germany;Hungary;Group Stage;2;14;18;0;1;0;0;1998-01-09;adidas;F50 Elite;Ftwr White/Solar Red/Lucid Blue;New;;442218;Midfielder;11;96;22
Andrich, Robert;Germany;Hungary;Group Stage;2;14;72;1;0;0;0;1994-09-22;Puma;Ultra Ultimate;Sun Stream/Puma Black/Sunset Glow;New;;147488;Midfielder;23;96;74
Musiala, Jamal;Germany;Hungary;Group Stage;2;14;72;1;0;1;0;2003-02-26;Nike;Tiempo Legend X Elite;Pink Foam/Black;New;;244857;Midfielder;10;96;74
Kimmich, Joshua;Germany;Hungary;Group Stage;2;14;90;1;0;0;0;1995-02-08;Nike;Mercurial Vapor XV Elite;Pink Foam/Black;New;;165687;Defender;6;96;96
Tah, Jonathan;Germany;Hungary;Group Stage;2;14;90;1;0;0;0;1996-02-11;adidas;Copa Pure 2;Ftwr White/Lucid Blue/Solar Red;New;;164454;Defender;4;96;96
Mittelstädt, Maximilian;Germany;Hungary;Group Stage;2;14;90;1;0;0;0;1997-03-18;Nike;Mercurial Vapor XV Elite;Lemonade/Black;New;;204335;Defender;18;96;96
Rüdiger, Antonio;Germany;Hungary;Group Stage;2;14;90;1;0;0;0;1993-03-03;Under Armour;Clone Magnetico Pro 3.0;Celeste/Celeste/Vapor Green;New;;102380;Defender;2;96;96
Sané, Leroy;Germany;Hungary;Group Stage;2;14;32;0;1;0;0;1996-01-11;Nike;Mercurial Vapor XV Elite;Pink Foam/Black;New;;182156;Forward;19;96;36
Csoboth, Kevin;Hungary;Germany;Group Stage;2;14;3;0;1;0;0;2000-06-20;Nike;Mercurial Vapor XV Elite;Pink Foam/Black;New;;437962;Forward;23;96;7
Ádám, Martin;Hungary;Germany;Group Stage;2;14;15;0;1;0;0;1994-11-06;adidas;F50 Elite;Ftwr White/Solar Red/Lucid Blue;New;Laceless;218722;Forward;9;96;19
Szoboszlai, Dominik;Hungary;Germany;Group Stage;2;14;90;1;0;0;0;2000-10-25;Nike;Mercurial Vapor XV Elite;Pink Foam/Black;New;;424876;Forward;10;96;96
Kerkez, Milos;Hungary;Germany;Group Stage;2;14;75;1;0;0;0;2003-11-07;adidas;F50 Elite;Ftwr White/Solar Red/Lucid Blue;New;;544877;Midfielder;11;96;78
Schäfer, András;Hungary;Germany;Group Stage;2;14;90;1;0;0;0;1999-04-13;adidas;X Crazyfast+;Team Solar Yellow/Core Black/White;New;;457734;Midfielder;13;96;96
Orbán, Willi;Hungary;Germany;Group Stage;2;14;90;1;0;0;0;1992-11-03;Nike;Tiempo Legend X Elite;Lemonade/Black/Metallic Gold Coin;New;;101601;Defender;6;96;96
Fiola, Attila;Hungary;Germany;Group Stage;2;14;90;1;0;0;0;1990-02-17;Nike;Mercurial Vapor XV Elite;Pink Foam/Black;New;;80900;Defender;5;96;96
Ádám Nagy;Hungary;Germany;Group Stage;2;14;64;1;0;0;0;1995-06-17;Mizuno;Morelia Neo IV;White/Radiant Red/Hot Coral;New;;199104;Midfielder;8;96;67
Gulácsi, Péter;Hungary;Germany;Group Stage;2;14;90;1;0;0;0;1990-05-06;adidas;Predator Elite;Lucid Blue/Ftwr White/Solar Red;New;;46506;Goalkeeper;1;96;96
Kleinheisler, László;Hungary;Germany;Group Stage;2;14;26;0;1;0;0;1994-04-08;Nike;Mercurial Vapor XI;Black/White/Electric Green;Old;;167764;Midfielder;15;96;30
Sallai, Roland;Hungary;Germany;Group Stage;2;14;87;1;0;0;0;1997-05-22;Nike;Mercurial Vapor XV Elite;Pink Foam/Black;New;;197109;Forward;20;96;90
Gazdag, Dániel;Hungary;Germany;Group Stage;2;14;3;0;1;0;0;1996-03-02;adidas;F50 Elite;Ftwr White/Solar Red/Lucid Blue;New;;173787;Midfielder;16;96;7
Varga, Barnabás;Hungary;Germany;Group Stage;2;14;87;1;0;0;0;1994-10-25;Nike;Mercurial Vapor XV Elite;Pink Foam/Black;New;;240804;Forward;19;96;90
Zsolt Nagy;Hungary;Germany;Group Stage;2;14;15;0;1;0;0;1993-05-25;adidas;F50 Elite;Ftwr White/Solar Red/Lucid Blue;New;;196842;Defender;18;96;19
Dárdai, Márton;Hungary;Germany;Group Stage;2;14;90;1;0;0;0;2002-02-12;Nike;Mercurial Superfly IX Elite;Lemonade/Black;New;;470300;Defender;24;96;96
Bolla, Bendegúz;Hungary;Germany;Group Stage;2;14;75;1;0;0;0;1999-11-22;Puma;Future 7 Ultimate;Sunset Glow/Puma Black/Sun Stream;New;;431960;Midfielder;14;96;78
Petkovic, Bruno;Croatia;Albania;Group Stage;2;15;69;1;0;0;0;1994-09-16;Nike;Mercurial Vapor XV Elite;Lemonade/Black;New;;152918;Forward;17;100;71
Majer, Lovro;Croatia;Albania;Group Stage;2;15;45;1;0;0;0;1998-01-17;Nike;Mercurial Vapor XV Elite;Pink Foam/Black;New;;229046;Forward;7;100;47
Kramaric, Andrej;Croatia;Albania;Group Stage;2;15;85;1;0;1;1;1991-06-19;adidas;F50 Elite;Ftwr White/Solar Red/Lucid Blue;New;;68582;Forward;9;100;86
Sutalo, Josip;Croatia;Albania;Group Stage;2;15;90;1;0;0;0;2000-02-28;adidas;F50 Elite;Ftwr White/Solar Red/Lucid Blue;New;;240992;Defender;6;100;100
Juranovic, Josip;Croatia;Albania;Group Stage;2;15;90;1;0;0;0;1995-08-16;adidas;F50 Elite;Ftwr White/Solar Red/Lucid Blue;New;Laceless;210791;Defender;22;100;100
Sosa, Borna;Croatia;Albania;Group Stage;2;15;6;0;1;0;0;1998-01-21;adidas;Copa Pure 2+;Ftwr White/Lucid Blue/Solar Red;New;;218364;Defender;19;100;15
Modric, Luka;Croatia;Albania;Group Stage;2;15;90;1;0;0;0;1985-09-09;Nike;Mercurial Vapor XV Elite;Pink Foam/Black;New;;37055;Midfielder;10;100;100
Budimir, Ante;Croatia;Albania;Group Stage;2;15;21;0;1;0;0;1991-07-22;Puma;Future 7 Ultimate;Sunset Glow/Puma Black/Sun Stream;New;;94273;Forward;16;100;30
Perisic, Ivan;Croatia;Albania;Group Stage;2;15;84;1;0;0;0;1989-02-02;Puma;Future 7 Ultimate;Sunset Glow/Puma Black/Sun Stream;New;Switched to Puma Future 7 Ultimate (Puma White/Puma Black/Poison Pink) after HT;45034;Defender;14;100;86
Baturina, Martin;Croatia;Albania;Group Stage;2;15;5;0;1;0;0;2003-02-16;Nike;Mercurial Vapor XV Elite;Pink Foam/Black;New;;522476;Midfielder;26;100;15
Gvardiol, Josko;Croatia;Albania;Group Stage;2;15;90;1;0;0;0;2002-01-23;adidas;Copa Pure 2+;Ftwr White/Lucid Blue/Solar Red;New;;477424;Defender;4;100;100
Kovacic, Mateo;Croatia;Albania;Group Stage;2;15;90;1;0;0;0;1994-05-06;Puma;King Ultimate;Sun Stream/Puma Black/Sunset Glow;New;;91651;Midfielder;8;100;100
Livakovic, Dominik;Croatia;Albania;Group Stage;2;15;90;1;0;0;0;1995-01-09;adidas;F50 Elite;Ftwr White/Solar Red/Lucid Blue;New;;198534;Goalkeeper;1;100;100
Brozovic, Marcelo;Croatia;Albania;Group Stage;2;15;45;1;0;0;0;1992-11-16;Nike;Mercurial Vapor XV Elite;Pink Foam/Black;New;;94425;Midfielder;11;100;47
Mario Pasalic;Croatia;Albania;Group Stage;2;15;45;0;1;0;0;1995-02-09;adidas;Predator Elite;Lucid Blue/Ftwr White/Solar Red;New;Laceless;164570;Midfielder;15;100;54
Sucic, Luka;Croatia;Albania;Group Stage;2;15;45;0;1;0;0;2002-09-08;Nike;Mercurial Vapor XV Elite;Lemonade/Black;New;;464166;Midfielder;25;100;54
Seferi, Taulant;Albania;Croatia;Group Stage;2;15;26;0;1;0;0;1996-11-15;Nike;Mercurial Vapor XV Elite;Pink Foam/Black;New;;175640;Forward;15;100;35
Gjasula, Klaus;Albania;Croatia;Group Stage;2;15;18;0;1;1/OG;0;1989-12-14;adidas;Speedportal .1;Team Shock Pink/White/Core Black;New;;193830;Midfielder;8;100;27
Asani, Jasir;Albania;Croatia;Group Stage;2;15;64;1;0;0;0;1995-05-19;Puma;Ultra Ultimate;Electric Peppermint/Puma White/Fast Yellow;New;Customised the boot;175893;Midfielder;9;100;66
Laçi, Qazim;Albania;Croatia;Group Stage;2;15;72;1;0;1;0;1996-01-19;Nike;Tiempo Legend X Elite;Pink Foam/Black;New;;214282;Midfielder;14;100;74
Ajeti, Arlind;Albania;Croatia;Group Stage;2;15;90;1;0;0;0;1993-09-25;Mizuno;Morelia Neo IV;Safety Yellow/Fiery Coral/Safety Yellow;New;;97341;Defender;5;100;100
Bajrami, Nedim;Albania;Croatia;Group Stage;2;15;90;1;0;0;0;1999-02-28;Nike;Hypervenom Phinish II;Volt/Black/Hyper Turquoise/Clear Jade;Old;;204674;Midfielder;10;100;100
Ramadani, Ylber;Albania;Croatia;Group Stage;2;15;85;1;0;0;0;1996-04-12;adidas;X Crazyfast.1;Bright Royal/White/Solar Red;New;;227386;Midfielder;20;100;87
Manaj, Rey;Albania;Croatia;Group Stage;2;15;85;1;0;0;0;1997-02-24;Nike;Phantom GX II Elite;White/Black/Metallic Gold Coin;New;;194827;Forward;7;100;87
Djimsiti, Berat;Albania;Croatia;Group Stage;2;15;90;1;0;0;0;1993-02-19;adidas;Predator Elite;Lucid Blue/Ftwr White/Solar Red;New;;96645;Defender;6;100;100
Asllani, Kristjan;Albania;Croatia;Group Stage;2;15;90;1;0;0;0;2002-03-09;adidas;Predator Elite Tongue;Lucid Blue/Ftwr White/Solar Red;New;;517997;Midfielder;21;100;100
Hoxha, Arbër;Albania;Croatia;Group Stage;2;15;5;0;1;0;0;1998-10-06;Nike;Mercurial Vapor XV Elite;Pink Foam/Black;New;;227533;Forward;26;100;14
Mitaj, Mario;Albania;Croatia;Group Stage;2;15;90;1;0;0;0;2003-08-06;Nike;Mercurial Vapor XV Elite;Yellow Strike/Sunset Glow/Doll;New;;474900;Defender;3;100;100
Hysaj, Elseid;Albania;Croatia;Group Stage;2;15;90;1;0;0;0;1994-02-02;Puma;Ultra Ultimate;Sun Stream/Puma Black/Sunset Glow;New;;107363;Defender;4;100;100
Strakosha, Thomas;Albania;Croatia;Group Stage;2;15;90;1;0;0;0;1995-03-19;Nike;Mercurial Vapor XV Elite;White/Bright Crimson/Black;New;;140200;Goalkeeper;23;100;100
Daku, Mirlind;Albania;Croatia;Group Stage;2;15;5;0;1;0;0;1998-01-01;Nike;Mercurial Vapor XV Elite;Lemonade/Black;New;;248555;Forward;19;100;14
Williams, Nico;Spain;Italy;Group Stage;2;16;78;1;0;0;1;2002-07-12;Nike;Mercurial Vapor XV Elite;White/Bright Crimson/Black;New;Colored the logo;523654;Forward;17;99;80
Rodri;Spain;Italy;Group Stage;2;16;90;1;0;0;0;1996-06-22;Nike;Phantom Luna II Elite;Sunset Pulse/Black;New;;220566;Midfielder;16;99;99
Pérez, Ayoze;Spain;Italy;Group Stage;2;16;12;0;1;0;0;1993-07-29;adidas;X Crazyfast+;Solar Red/White/Team Solar Yellow;New;;168580;Forward;26;99;19
Simón, Unai;Spain;Italy;Group Stage;2;16;90;1;0;0;0;1997-06-11;adidas;Copa Pure 2+;Ftwr White/Lucid Blue/Solar Red;New;;212769;Goalkeeper;23;99;99
Lamine Yamal;Spain;Italy;Group Stage;2;16;71;1;0;0;0;2007-07-13;adidas;F50 Elite;Ftwr White/Solar Red/Lucid Blue;New;Laceless;593109;Forward;19;99;73
Oyarzabal, Mikel;Spain;Italy;Group Stage;2;16;12;0;1;0;0;1997-04-21;Nike;Mercurial Vapor XV Elite;Pink Foam/Black;New;;219000;Forward;21;99;19
Ruiz, Fabián;Spain;Italy;Group Stage;2;16;89;1;0;0;0;1996-04-03;adidas;Copa Pure 2;Ftwr White/Lucid Blue/Solar Red;New;;201379;Midfielder;8;99;96
Morata, Álvaro;Spain;Italy;Group Stage;2;16;78;1;0;0;0;1992-10-23;adidas;F50 Elite;Ftwr White/Solar Red/Lucid Blue;New;;88482;Forward;7;99;80
Baena, Álex;Spain;Italy;Group Stage;2;16;19;0;1;0;0;2001-07-20;Nike;Mercurial Vapor XV Elite;Pink Foam/Black;New;;248501;Midfielder;15;99;26
Le Normand, Robin;Spain;Italy;Group Stage;2;16;90;1;0;0;0;1996-11-11;adidas;F50 Elite;Ftwr White/Solar Red/Lucid Blue;New;Laceless;224919;Defender;3;99;99
Torres, Ferran;Spain;Italy;Group Stage;2;16;19;0;1;0;0;2000-02-29;adidas;F50 Elite;Ftwr White/Solar Red/Lucid Blue;New;Laceless;224444;Forward;11;99;26
Carvajal, Dani;Spain;Italy;Group Stage;2;16;90;1;0;0;0;1992-01-11;Puma;Future 7 Ultimate;Sunset Glow/Puma Black/Sun Stream;New;;88483;Defender;2;99;99
Laporte, Aymeric;Spain;Italy;Group Stage;2;16;90;1;0;0;0;1994-05-27;adidas;Predator Elite;Lucid Blue/Ftwr White/Solar Red;New;;146941;Defender;14;99;99
Merino, Mikel;Spain;Italy;Group Stage;2;16;1;0;1;0;0;1996-06-22;adidas;Predator Elite;Lucid Blue/Ftwr White/Solar Red;New;Laceless;195384;Midfielder;6;99;3
Cucurella, Marc;Spain;Italy;Group Stage;2;16;90;1;0;0;0;1998-07-22;Puma;Future 7 Ultimate;Sunset Glow/Puma Black/Sun Stream;New;;179268;Defender;24;99;99
Pedri;Spain;Italy;Group Stage;2;16;71;1;0;0;0;2002-11-25;adidas;Predator Elite Tongue;Lucid Blue/Ftwr White/Solar Red;New;;490541;Midfielder;20;99;73
Retegui, Mateo;Italy;Spain;Group Stage;2;16;26;0;1;0;0;1999-04-29;adidas;X Crazyfast+;Bright Royal/White/Solar Red;New;;441463;Forward;19;99;33
Jorginho;Italy;Spain;Group Stage;2;16;45;1;0;0;0;1991-12-20;Puma;Future 7 Ultimate;Sunset Glow/Puma Black/Sun Stream;New;;85955;Midfielder;8;99;47
Dimarco, Federico;Italy;Spain;Group Stage;2;16;90;1;0;0;0;1997-11-10;adidas;Predator Elite;Lucid Blue/Ftwr White/Solar Red;New;Laceless;161919;Defender;3;99;99
Chiesa, Federico;Italy;Spain;Group Stage;2;16;64;1;0;0;0;1997-10-25;Nike;Mercurial Superfly IX Elite;Pink Foam/Black;New;;223541;Forward;14;99;66
Barella, Nicolò;Italy;Spain;Group Stage;2;16;90;1;0;0;0;1997-02-07;Nike;Mercurial Vapor XV Elite;Pink Foam/Black;New;;171384;Midfielder;18;99;99
Raspadori, Giacomo;Italy;Spain;Group Stage;2;16;8;0;1;0;0;2000-02-18;adidas;Predator Elite Tongue;Lucid Blue/Ftwr White/Solar Red;New;;446969;Forward;11;99;16
Pellegrini, Lorenzo;Italy;Spain;Group Stage;2;16;82;1;0;0;0;1996-06-19;Nike;Phantom GX II Elite;White/Black/Metallic Gold Coin;New;;184441;Forward;10;99;84
Zaccagni, Mattia;Italy;Spain;Group Stage;2;16;26;0;1;0;0;1995-06-16;adidas;Predator Elite;Lucid Blue/Ftwr White/Solar Red;New;;157008;Midfielder;20;99;33
Bastoni, Alessandro;Italy;Spain;Group Stage;2;16;90;1;0;0;0;1999-04-13;Puma;Future 7 Ultimate;Puma White/Puma Black/Poison Pink;New;;215977;Defender;23;99;99
Scamacca, Gianluca;Italy;Spain;Group Stage;2;16;64;1;0;0;0;1999-01-01;Nike;Mercurial Vapor XV Elite;Pink Foam/Black;New;;195899;Forward;9;99;66
Di Lorenzo, Giovanni;Italy;Spain;Group Stage;2;16;90;1;0;0;0;1993-08-04;Puma;Future Ultimate;Sedate Gray/Asphalt/Yellow Blaze;New;;93661;Defender;2;99;99
Cambiaso, Andrea;Italy;Spain;Group Stage;2;16;45;0;1;0;0;2000-02-20;adidas;F50 Elite;Ftwr White/Solar Red/Lucid Blue;New;;515759;Defender;24;99;52
Donnarumma, Gianluigi;Italy;Spain;Group Stage;2;16;90;1;0;0;0;1999-02-25;adidas;Predator Elite Tongue;Lucid Blue/Ftwr White/Solar Red;New;;204936;Goalkeeper;1;99;99
Cristante, Bryan;Italy;Spain;Group Stage;2;16;45;0;1;0;0;1995-03-03;adidas;Predator Elite;Lucid Blue/Ftwr White/Solar Red;New;;109511;Midfielder;16;99;52
Calafiori, Riccardo;Italy;Spain;Group Stage;2;16;90;1;0;OG;0;2002-05-19;adidas;Predator Elite;Lucid Blue/Ftwr White/Solar Red;New;;466075;Defender;5;99;99
Frattesi, Davide;Italy;Spain;Group Stage;2;16;45;1;0;0;0;1999-09-22;adidas;X Crazyfast+;Solar Red/White/Team Solar Yellow;New;;235453;Midfielder;7;99;47
Højbjerg, Pierre-Emile;Denmark;England;Group Stage;2;17;90;1;0;0;1;1995-08-05;adidas;Predator Elite Tongue;Lucid Blue/Ftwr White/Solar Red;New;;132015;Midfielder;23;95;95
Christensen, Andreas;Denmark;England;Group Stage;2;17;90;1;0;0;0;1996-04-10;adidas;Predator Elite Tongue;Lucid Blue/Ftwr White/Solar Red;New;;135363;Defender;6;95;95
Wind, Jonas;Denmark;England;Group Stage;2;17;57;1;0;0;0;1999-02-07;Nike;Mercurial Vapor XV Elite;Pink Foam/Black;New;;226973;Forward;19;95;58
Schmeichel, Kasper;Denmark;England;Group Stage;2;17;90;1;0;0;0;1986-11-05;Nike;Mercurial Vapor XV Elite;Pink Foam/Black;New;;17745;Goalkeeper;1;95;95
Poulsen, Yussuf;Denmark;England;Group Stage;2;17;23;0;1;0;0;1994-06-15;Nike;Tiempo Legend X Elite;Pink Foam/Black;New;;166028;Forward;20;95;27
Højlund, Rasmus;Denmark;England;Group Stage;2;17;67;1;0;0;0;2003-02-04;Nike;Mercurial Vapor XV Elite;Pink Foam/Black;New;;497894;Forward;9;95;68
Damsgaard, Mikkel;Denmark;England;Group Stage;2;17;33;0;1;0;0;2000-07-03;Nike;Phantom GX II Elite;Sunset Pulse/Black;New;;440089;Midfielder;14;95;37
Nørgaard, Christian;Denmark;England;Group Stage;2;17;8;0;1;0;0;1994-03-10;Puma;Future 7 Ultimate;Sunset Glow/Puma Black/Sun Stream;New;;128295;Midfielder;15;95;12
Mæhle, Joakim;Denmark;England;Group Stage;2;17;90;1;0;0;0;1997-05-20;adidas;F50 Elite;Ftwr White/Solar Red/Lucid Blue;New;;229220;Midfielder;5;95;95
Kristiansen, Victor;Denmark;England;Group Stage;2;17;57;1;0;0;0;2002-12-16;Nike;Mercurial Vapor XV Elite;Pink Foam/Black;New;;481510;Midfielder;17;95;58
Hjulmand, Morten;Denmark;England;Group Stage;2;17;82;1;0;1;0;1999-06-25;adidas;Copa Pure 2;Ftwr White/Lucid Blue/Solar Red;New;;454812;Midfielder;21;95;84
Bah, Alexander;Denmark;England;Group Stage;2;17;33;0;1;0;0;1997-12-09;Nike;Mercurial Vapor XV Elite;Pink Foam/Black;New;;461266;Defender;18;95;37
Skov Olsen, Andreas;Denmark;England;Group Stage;2;17;8;0;1;0;0;1999-12-29;Nike;Mercurial Vapor XV Elite;Pink Foam/Black;New;;430368;Forward;11;95;12
Andersen, Joachim;Denmark;England;Group Stage;2;17;90;1;0;0;0;1996-05-31;Puma;Future 7 Ultimate;Sunset Glow/Puma Black/Sun Stream;New;;174874;Defender;2;95;95
Eriksen, Christian;Denmark;England;Group Stage;2;17;82;1;0;0;0;1992-02-14;Nike;Tiempo Legend X Elite;Dark Atomic Teal/Sail;New;;80607;Forward;10;95;83
Vestergaard, Jannik;Denmark;England;Group Stage;2;17;90;1;0;0;0;1992-08-03;adidas;Copa Pure .1;White/Core Black/Lucid Lemon;New;;93100;Defender;3;95;95
Saka, Bukayo;England;Denmark;Group Stage;2;17;69;1;0;0;0;2001-09-05;New Balance;Furon v7+ Pro;White/Gold/Black;New;;223340;Midfielder;7;95;71
Eze, Eberechi;England;Denmark;Group Stage;2;17;21;0;1;0;0;1998-06-29;New Balance;Furon V7+ Pro;Bleached Lime Glo;New;;232413;Forward;21;95;25
Pickford, Jordan;England;Denmark;Group Stage;2;17;90;1;0;0;0;1994-03-07;Puma;Ultra Ultimate;Sun Stream/Puma Black/Sunset Glow;New;;111234;Goalkeeper;1;95;95
Walker, Kyle;England;Denmark;Group Stage;2;17;90;1;0;0;0;1990-05-28;Puma;Ultra Ultimate;Sun Stream/Puma Black/Sunset Glow;New;;58621;Defender;2;95;95
Bowen, Jarrod;England;Denmark;Group Stage;2;17;21;0;1;0;0;1996-12-20;adidas;F50 Elite;Ftwr White/Solar Red/Lucid Blue;New;;178186;Forward;20;95;25
Rice, Declan;England;Denmark;Group Stage;2;17;90;1;0;0;0;1999-01-14;adidas;Copa Pure 2+;Ftwr White/Lucid Blue/Solar Red;New;;204480;Midfielder;4;95;95
Alexander-Arnold, Trent;England;Denmark;Group Stage;2;17;54;1;0;0;0;1998-10-07;adidas;Predator Elite Tongue;Lucid Blue/Ftwr White/Solar Red;New;;169187;Midfielder;8;95;55
Trippier, Kieran;England;Denmark;Group Stage;2;17;90;1;0;0;0;1990-09-19;adidas;F50 Elite;Ftwr White/Solar Red/Lucid Blue;New;;77794;Defender;12;95;95
Foden, Phil;England;Denmark;Group Stage;2;17;69;1;0;0;0;2000-05-28;Nike;Phantom GX Elite;Fuchsia Dream/Barely Grape;New;;209244;Midfielder;11;95;70
Kane, Harry;England;Denmark;Group Stage;2;17;70;1;0;1;0;1993-07-28;Skechers;SKX 01 Low;Silver/Green;New;;78830;Forward;9;95;71
Stones, John;England;Denmark;Group Stage;2;17;90;1;0;0;0;1994-05-28;Nike;Phantom GX II Elite;Sunset Pulse/Black;New;;97299;Defender;5;95;95
Bellingham, Jude;England;Denmark;Group Stage;2;17;90;1;0;0;0;2003-06-29;adidas;Predator Elite Tongue;Lucid Blue/Ftwr White/Solar Red;New;;244855;Midfielder;10;95;95
Guéhi, Marc;England;Denmark;Group Stage;2;17;90;1;0;0;0;2000-07-13;Nike;Phantom GX II Elite;Sunset Pulse/Black;New;;209036;Defender;6;95;95
Watkins, Ollie;England;Denmark;Group Stage;2;17;20;0;1;0;0;1995-12-30;Nike;Phantom GX II Elite;Sunset Pulse/Black;New;;178301;Forward;19;95;24
Gallagher, Conor;England;Denmark;Group Stage;2;17;36;0;1;0;0;2000-02-06;Nike;Mercurial Vapor XV Elite;Pink Foam/Black;New;;232787;Midfielder;16;95;40
Gnezda Cerin, Adam;Slovenia;Serbia;Group Stage;2;18;90;1;0;0;0;1999-07-16;adidas;Copa Pure 2+;Ftwr White/Lucid Blue/Solar Red;New;;234809;Midfielder;22;98;98
Verbic, Benjamin;Slovenia;Serbia;Group Stage;2;18;14;0;1;0;0;1993-11-27;Nike;Mercurial Vapor XV Elite;White/Bright Crimson/Black;New;;112604;Midfielder;7;98;21
Elsnik, Timi Max;Slovenia;Serbia;Group Stage;2;18;89;1;0;0;0;1998-04-29;Nike;Phantom GX II Elite;Sunset Pulse/Black;New;;207020;Midfielder;10;98;92
Stojanovic, Petar;Slovenia;Serbia;Group Stage;2;18;76;1;0;0;0;1995-10-07;Nike;Mercurial Vapor XIV Elite;Chlorine Blue/Laser Orange/Marina;New;;153814;Midfielder;20;98;77
Sesko, Benjamin;Slovenia;Serbia;Group Stage;2;18;76;1;0;0;0;2003-05-31;Nike;Mercurial Vapor XV Elite;Pink Foam/Black;New;;485711;Forward;11;98;77
Bijol, Jaka;Slovenia;Serbia;Group Stage;2;18;90;1;0;0;0;1999-02-05;adidas;Predator Elite;Lucid Blue/Ftwr White/Solar Red;New;;434752;Defender;6;98;98
Oblak, Jan;Slovenia;Serbia;Group Stage;2;18;90;1;0;0;0;1993-01-07;Puma;Future 7 Ultimate;Sunset Glow/Puma Black/Sun Stream;New;;81352;Goalkeeper;1;98;98
Janza, Erik;Slovenia;Serbia;Group Stage;2;18;90;1;0;0;0;1993-06-21;adidas;F50 Elite;Ftwr White/Solar Red/Lucid Blue;New;;101959;Defender;13;98;98
Gorenc Stankovic, Jon;Slovenia;Serbia;Group Stage;2;18;26;0;1;0;0;1996-01-14;Nike;Tiempo Legend X Elite;Dark Atomic Teal/Sail;New;;192301;Midfielder;5;98;34
Sporar, Andraz;Slovenia;Serbia;Group Stage;2;18;90;1;0;0;0;1994-02-27;Nike;Mercurial Vapor XV Elite;Pink Foam/Black;New;;107798;Forward;9;98;98
Brekalo, David;Slovenia;Serbia;Group Stage;2;18;1;0;1;0;0;1998-12-03;adidas;X Crazyfast.1;Solar Red/White/Team Solar Yellow;New;;487262;Defender;23;98;6
Mlakar, Jan;Slovenia;Serbia;Group Stage;2;18;64;1;0;0;0;1998-10-23;Nike;Mercurial Vapor XV Elite;Pink Foam/Black;New;;207025;Midfielder;17;98;65
Vipotnik, Zan;Slovenia;Serbia;Group Stage;2;18;14;0;1;0;0;2002-03-18;Nike;Mercurial Vapor XV Elite;Pink Foam/Black;New;;438001;Forward;18;98;21
Drkusic, Vanja;Slovenia;Serbia;Group Stage;2;18;90;1;0;0;0;1999-10-30;Nike;Tiempo Legend X Elite;Lemonade/Black/Metallic Gold Coin;New;;462097;Defender;21;98;98
Karnicnik, Zan;Slovenia;Serbia;Group Stage;2;18;90;1;0;1;1;1994-09-18;adidas;F50 Elite;Ftwr White/Solar Red/Lucid Blue;New;;457317;Defender;2;98;98
Lukic, Sasa;Serbia;Slovenia;Group Stage;2;18;64;1;0;0;0;1996-08-13;Nike;Mercurial Superfly IX Elite;Pink Foam/Black;New;;212314;Midfielder;22;98;65
Veljkovic, Milos;Serbia;Slovenia;Group Stage;2;18;90;1;0;0;0;1995-09-26;Nike;Tiempo Legend X Elite;Lemonade/Black/Metallic Gold Coin;New;;153265;Defender;13;98;98
Milenkovic, Nikola;Serbia;Slovenia;Group Stage;2;18;90;1;0;0;0;1997-10-12;Puma;Future 7 Ultimate;Sunset Glow/Puma Black/Sun Stream;New;;227444;Defender;4;98;98
Sergej Milinkovic-Savic;Serbia;Slovenia;Group Stage;2;18;26;0;1;0;0;1995-02-27;Nike;Mercurial Superfly IX Elite;Pink Foam/Black;New;;180793;Midfielder;20;98;33
Jovic, Luka;Serbia;Slovenia;Group Stage;2;18;26;0;1;1;0;1997-12-23;adidas;F50 Elite;Ftwr White/Solar Red/Lucid Blue;New;Laceless;185533;Forward;8;98;34
Gacinovic, Mijat;Serbia;Slovenia;Group Stage;2;18;45;0;1;0;0;1995-02-08;Nike;Mercurial Vapor XV Elite;Pink Foam/Black;New;;162310;Midfielder;21;98;52
Mitrovic, Aleksandar;Serbia;Slovenia;Group Stage;2;18;90;1;0;0;0;1994-09-16;Puma;Ultra Play;Sun Stream/Puma Black/Sunset Glow;New;;128389;Forward;9;98;98
Vlahovic, Dusan;Serbia;Slovenia;Group Stage;2;18;64;1;0;0;0;2000-01-28;Nike;Mercurial Vapor XV Elite;Pink Foam/Black;New;;225479;Forward;7;98;65
Tadic, Dusan;Serbia;Slovenia;Group Stage;2;18;82;1;0;0;0;1988-11-20;Nike;Tiempo Legend X Elite;Pink Foam/Black;New;;62399;Forward;10;98;83
Rajkovic, Predrag;Serbia;Slovenia;Group Stage;2;18;90;1;0;0;0;1995-10-31;Puma;Future 7 Ultimate;Puma White/Puma Black/Poison Pink;New;;104407;Goalkeeper;1;98;98
Ilic, Ivan;Serbia;Slovenia;Group Stage;2;18;90;1;0;0;0;2001-03-17;adidas;F50 Elite;Ftwr White/Solar Red/Lucid Blue;New;;430848;Midfielder;17;98;98
Birmancevic, Veljko;Serbia;Slovenia;Group Stage;2;18;8;0;1;0;0;1998-03-05;Nike;Mercurial Vapor XV Elite;Atmosphere Grey/Black;New;;228439;Midfielder;26;98;16
Zivkovic, Andrija;Serbia;Slovenia;Group Stage;2;18;82;1;0;0;0;1996-07-11;adidas;X Crazyfast+;Solar Red/White/Team Solar Yellow;New;;164654;Midfielder;14;98;83
Samardzic, Lazar;Serbia;Slovenia;Group Stage;2;18;8;0;1;0;0;2002-02-24;adidas;F50 Elite;Ftwr White/Solar Red/Lucid Blue;New;Laceless;477529;Midfielder;19;98;16
Pavlovic, Strahinja;Serbia;Slovenia;Group Stage;2;18;90;1;0;0;0;2001-05-24;Puma;Future 7 Ultimate;Puma White/Puma Black/Poison Pink;New;;487606;Defender;2;98;98
Mladenovic, Filip;Serbia;Slovenia;Group Stage;2;18;45;1;0;0;0;1991-08-15;Puma;Ultra Ultimate;Sun Stream/Puma Black/Sunset Glow;New;;94467;Midfielder;25;98;46
Dawidowicz, Pawel;Poland;Austria;Group Stage;2;19;90;1;0;0;0;1995-05-20;Nike;Tiempo Legend VI;Clear Jade/Black/Volt;Old;;141925;Defender;3;96;96
Grosicki, Kamil;Poland;Austria;Group Stage;2;19;15;0;1;0;0;1988-06-08;New Balance;Tekela V4 Low-Cut;Copper/Black;New;;49957;Midfielder;11;96;20
Zalewski, Nicola;Poland;Austria;Group Stage;2;19;90;1;0;0;0;2002-01-23;Nike;Mercurial Superfly IX Elite;Pink Foam/Black;New;;466147;Midfielder;21;96;96
Kiwior, Jakub;Poland;Austria;Group Stage;2;19;90;1;0;0;0;2000-02-15;adidas;F50 Elite;Ftwr White/Solar Red/Lucid Blue;New;Laceless;440854;Defender;14;96;96
Moder, Jakub;Poland;Austria;Group Stage;2;19;45;0;1;0;0;1999-04-07;adidas;Predator Elite Tongue;Lucid Blue/Ftwr White/Solar Red;New;;243505;Midfielder;8;96;49
Swiderski, Karol;Poland;Austria;Group Stage;2;19;30;0;1;0;0;1997-01-23;adidas;F50 Elite;Ftwr White/Solar Red/Lucid Blue;New;;192247;Forward;7;96;35
Szczesny, Wojciech;Poland;Austria;Group Stage;2;19;90;1;0;0;0;1990-04-18;New Balance;Tekela V4 Magia;Copper/Black;New;Laceless;59936;Goalkeeper;1;96;96
Lewandowski, Robert;Poland;Austria;Group Stage;2;19;30;0;1;0;0;1988-08-21;Nike;Mercurial Vapor XV Elite;Pink Foam/Black;New;;56764;Forward;9;96;35
Piatek, Krzysztof;Poland;Austria;Group Stage;2;19;60;1;0;1;0;1995-07-01;Nike;Mercurial Vapor XV Elite;Pink Foam/Black;New;;185065;Forward;23;96;61
Buksa, Adam;Poland;Austria;Group Stage;2;19;60;1;0;0;0;1996-07-12;Puma;Future 7 Ultimate;Sunset Glow/Puma Black/Sun Stream;New;;186734;Forward;16;96;61
Urbanski, Kacper;Poland;Austria;Group Stage;2;19;3;0;1;0;0;2004-09-07;adidas;F50 Elite;Ftwr White/Solar Red/Lucid Blue;New;Laceless;500922;Midfielder;26;96;8
Piotrowski, Jakub;Poland;Austria;Group Stage;2;19;45;1;0;0;0;1997-10-04;adidas;Predator Elite;Lucid Blue/Ftwr White/Solar Red;New;;219155;Midfielder;6;96;47
Zielinski, Piotr;Poland;Austria;Group Stage;2;19;87;1;0;0;0;1994-05-20;adidas;F50 Elite;Ftwr White/Solar Red/Lucid Blue;New;Laceless;126440;Midfielder;10;96;88
Slisz, Bartosz;Poland;Austria;Group Stage;2;19;75;1;0;0;0;1999-03-29;adidas;Copa Pure 2+;Ftwr White/Lucid Blue/Solar Red;New;;243503;Midfielder;24;96;77
Frankowski, Przemyslaw;Poland;Austria;Group Stage;2;19;90;1;0;0;0;1995-04-12;Kipsta;CLR900;White/Volt;New;;140040;Midfielder;19;96;96
Bednarek, Jan;Poland;Austria;Group Stage;2;19;90;1;0;0;0;1996-04-12;adidas;Predator Elite;Lucid Blue/Ftwr White/Solar Red;New;;171771;Defender;5;96;96
Wimmer, Patrick;Austria;Poland;Group Stage;2;19;45;0;1;0;0;2001-05-30;Puma;Ultra Ultimate;Sun Stream/Puma Black/Sunset Glow;New;;486206;Midfielder;23;96;49
Baumgartner, Christoph;Austria;Poland;Group Stage;2;19;81;1;0;1;1;1999-08-01;adidas;F50 Elite;Ftwr White/Solar Red/Lucid Blue;New;;454831;Midfielder;19;96;82
Arnautovic, Marko;Austria;Poland;Group Stage;2;19;81;1;0;1;0;1989-04-19;Puma;Future 7 Ultimate;Sunset Glow/Puma Black/Sun Stream;New;;41464;Forward;7;96;82
Lienhart, Philipp;Austria;Poland;Group Stage;2;19;90;1;0;0;0;1996-07-11;Puma;Future 7 Ultimate;Puma White/Puma Black/Poison Pink;New;;199245;Defender;15;96;96
Gregoritsch, Michael;Austria;Poland;Group Stage;2;19;9;0;1;0;0;1994-04-18;adidas;Predator Elite;Lucid Blue/Ftwr White/Solar Red;New;;62480;Forward;11;96;14
Schmid, Romano;Austria;Poland;Group Stage;2;19;9;0;1;0;0;2000-01-27;adidas;F50 Elite;Ftwr White/Solar Red/Lucid Blue;New;;228564;Midfielder;18;96;14
Posch, Stefan;Austria;Poland;Group Stage;2;19;90;1;0;0;0;1997-05-14;adidas;F50 Elite;Ftwr White/Solar Red/Lucid Blue;New;;191803;Defender;5;96;96
Sabitzer, Marcel;Austria;Poland;Group Stage;2;19;90;1;0;0;0;1994-03-17;Nike;Mercurial Superfly IX Elite;White/Black/Metallic Gold;New;;101338;Midfielder;9;96;96
Mwene, Phillipp;Austria;Poland;Group Stage;2;19;63;1;0;0;0;1994-01-29;adidas;F50 Elite;Ftwr White/Solar Red/Lucid Blue;New;Laceless;160158;Defender;16;96;64
Grillitsch, Florian;Austria;Poland;Group Stage;2;19;45;1;0;0;0;1995-08-07;adidas;Predator Elite;Lucid Blue/Ftwr White/Solar Red;New;Laceless;210159;Midfielder;10;96;47
Pentz, Patrick;Austria;Poland;Group Stage;2;19;90;1;0;0;0;1997-01-02;Nike;Mercurial Vapor XV Elite;Pink Foam/Black;New;;208766;Goalkeeper;13;96;96
Laimer, Konrad;Austria;Poland;Group Stage;2;19;90;1;0;0;0;1997-05-27;adidas;F50 Elite;Ftwr White/Solar Red/Lucid Blue;New;;109126;Midfielder;20;96;96
Danso, Kevin;Austria;Poland;Group Stage;2;19;31;0;1;0;0;1998-09-19;Puma;Future 7 Ultimate;Sunset Glow/Puma Black/Sun Stream;New;;135720;Defender;4;96;36
Seiwald, Nicolas;Austria;Poland;Group Stage;2;19;90;1;0;0;0;2001-05-04;Nike;Phantom GX II Elite;Sunset Pulse/Black;New;;478196;Midfielder;6;96;96
Prass, Alexander;Austria;Poland;Group Stage;2;19;27;0;1;0;0;2001-05-26;adidas;F50 Elite;Ftwr White/Solar Red/Lucid Blue;New;;442305;Midfielder;8;96;32
Trauner, Gernot;Austria;Poland;Group Stage;2;19;59;1;0;1;0;1992-03-25;Nike;Tiempo Legend X Elite;White/Black/Bright Crimson;New;;84807;Defender;3;96;60
Geertruida, Lutsharel;Netherlands;France;Group Stage;2;20;17;0;1;0;0;2000-07-18;adidas;F50 Elite;Ftwr White/Solar Red/Lucid Blue;New;Laceless;247955;Defender;2;97;23
van Dijk, Virgil;Netherlands;France;Group Stage;2;20;90;1;0;0;0;1991-07-08;Nike;Tiempo Legend X Elite;Pink Foam/Black;New;;97032;Defender;4;97;97
Wijnaldum, Georginio;Netherlands;France;Group Stage;2;20;17;0;1;0;0;1990-11-11;adidas;F50 Elite;Ftwr White/Solar Red/Lucid Blue;New;;41733;Midfielder;8;97;23
Dumfries, Denzel;Netherlands;France;Group Stage;2;20;90;1;0;0;0;1996-04-18;adidas;F50 Elite;Ftwr White/Solar Red/Lucid Blue;New;;199432;Defender;22;97;97
Depay, Memphis;Netherlands;France;Group Stage;2;20;79;1;0;0;0;1994-02-13;Puma;Ultra Play;Sun Stream/Puma Black/Sunset Glow;New;;106824;Forward;10;97;80
Simons, Xavi;Netherlands;France;Group Stage;2;20;73;1;0;0;0;2003-04-21;Puma;King Ultimate;Sun Stream/Puma Black/Sunset Glow;New;;493362;Midfielder;7;97;74
Aké, Nathan;Netherlands;France;Group Stage;2;20;90;1;0;0;0;1995-02-18;Nike;Phantom Luna II Elite;Sunset Pulse/Black;New;;126184;Defender;5;97;97
Gakpo, Cody;Netherlands;France;Group Stage;2;20;90;1;0;0;0;1999-05-07;Puma;Ultra Ultimate;Sun Stream/Puma Black/Sunset Glow;New;;243298;Midfielder;11;97;97
Weghorst, Wout;Netherlands;France;Group Stage;2;20;11;0;1;0;0;1992-08-07;adidas;X Crazyfast+;Solar Red/White/Team Solar Yellow;New;;120202;Forward;9;97;18
Frimpong, Jeremie;Netherlands;France;Group Stage;2;20;73;1;0;0;0;2000-12-10;Puma;Ultra Ultimate;Sun Stream/Puma Black/Sunset Glow;New;;216094;Midfielder;12;97;74
Schouten, Jerdy;Netherlands;France;Group Stage;2;20;73;1;0;0;0;1997-01-12;adidas;X 19.1;White/Core Black/Shock Pink;New;;230152;Midfielder;24;97;74
de Vrij, Stefan;Netherlands;France;Group Stage;2;20;90;1;0;0;0;1992-02-05;Nike;Tiempo Legend X Elite;Lemonade/Black/Metallic Gold Coin;New;;78140;Defender;6;97;97
Verbruggen, Bart;Netherlands;France;Group Stage;2;20;90;1;0;0;0;2002-08-18;adidas;Predator Elite;Lucid Blue/Ftwr White/Solar Red;New;;489639;Goalkeeper;1;97;97
Veerman, Joey;Netherlands;France;Group Stage;2;20;17;0;1;0;0;1998-11-19;adidas;Predator Elite Tongue;Lucid Blue/Ftwr White/Solar Red;New;;231653;Midfielder;16;97;23
Reijnders, Tijjani;Netherlands;France;Group Stage;2;20;90;1;0;0;0;1998-07-29;Mizuno;Alpha;Laser Blue/White/Gold;New;;433036;Midfielder;14;97;97
Griezmann, Antoine;France;Netherlands;Group Stage;2;20;90;1;0;0;0;1991-03-21;Puma;Ultra Ultimate;Sun Stream/Puma Black/Sunset Glow;New;;76650;Forward;7;97;97
Saliba, William;France;Netherlands;Group Stage;2;20;90;1;0;0;0;2001-03-24;Nike;Tiempo Legend X Elite;Pink Foam/Black;New;;462424;Defender;17;97;97
Thuram, Marcus;France;Netherlands;Group Stage;2;20;75;1;0;0;0;1997-08-06;Nike;Mercurial Vapor XV Elite;Pink Foam/Black;New;;205880;Forward;15;97;76
Maignan, Mike;France;Netherlands;Group Stage;2;20;90;1;0;0;0;1995-07-03;adidas;Predator Elite;Lucid Blue/Ftwr White/Solar Red;New;;129487;Goalkeeper;16;97;97
Tchouaméni, Aurélien;France;Netherlands;Group Stage;2;20;90;1;0;0;0;2000-01-27;Nike;Phantom Luna II Elite;Sunset Pulse/Black;New;;219292;Midfielder;8;97;97
Dembélé, Ousmane;France;Netherlands;Group Stage;2;20;75;1;0;0;0;1997-05-15;adidas;F50 Elite;Ftwr White/Solar Red/Lucid Blue;New;Laceless;219438;Midfielder;11;97;76
Kanté, N'Golo;France;Netherlands;Group Stage;2;20;90;1;0;0;1;1991-03-29;adidas;X 18.1;Active Red/Silver Metallic/Bold Blue;New;;116594;Midfielder;13;97;97
Hernández, Théo;France;Netherlands;Group Stage;2;20;90;1;0;0;0;1997-10-06;Puma;Ultra Ultimate;Sun Stream/Puma Black/Sunset Glow;New;;222784;Defender;22;97;97
Upamecano, Dayot;France;Netherlands;Group Stage;2;20;90;1;0;0;0;1998-10-27;Nike;Phantom Luna II Elite;White/Black/Metallic Gold Coin;New;;199661;Defender;4;97;97
Rabiot, Adrien;France;Netherlands;Group Stage;2;20;90;1;0;0;0;1995-04-03;Nike;Phantom GX II Elite;Sunset Pulse/Black;New;;120743;Midfielder;14;97;97
Koundé, Jules;France;Netherlands;Group Stage;2;20;90;1;0;0;0;1998-11-12;adidas;Predator Elite Tongue;Lucid Blue/Ftwr White/Solar Red;New;;220325;Defender;5;97;97
Coman, Kingsley;France;Netherlands;Group Stage;2;20;15;0;1;0;0;1996-06-13;Puma;Ultra Ultimate;Sun Stream/Puma Black/Sunset Glow;New;;129508;Forward;20;97;21
Giroud, Olivier;France;Netherlands;Group Stage;2;20;15;0;1;0;0;1986-09-30;Puma;Ultra Ultimate;Sun Stream/Puma Black/Sunset Glow;New;;44346;Forward;9;97;21
Skriniar, Milan;Slovakia;Ukraine;Group Stage;2;21;90;1;0;0;0;1995-02-11;Puma;Future 7 Ultimate;Sunset Glow/Puma Black/Sun Stream;New;;112065;Defender;14;97;97
Bénes, László;Slovakia;Ukraine;Group Stage;2;21;30;0;1;0;0;1997-09-09;Nike;Phantom GX Elite;Hyper Turquoise/Black/Fuchsia Dream/White;New;;203298;Midfielder;11;97;36
Obert, Adam;Slovakia;Ukraine;Group Stage;2;21;23;0;1;0;0;2002-08-23;Nike;Mercurial Vapor XV Elite;White/Baltic Blue/Pink Blast/Indigo Haze;New;;484995;Defender;4;97;29
Pekarík, Peter;Slovakia;Ukraine;Group Stage;2;21;90;1;0;0;0;1986-10-30;Nike;Mercurial Superfly IX Elite;Lemonade/Black;New;;42614;Defender;2;97;97
Dúbravka, Martin;Slovakia;Ukraine;Group Stage;2;21;90;1;0;0;0;1989-01-15;Nike;Mercurial Vapor XV Elite;Lemonade/Black;New;;67089;Goalkeeper;1;97;97
Suslov, Tomás;Slovakia;Ukraine;Group Stage;2;21;23;0;1;0;0;2002-06-07;adidas;Predator Elite;Lucid Blue/Ftwr White/Solar Red;New;Laceless;502251;Midfielder;7;97;29
Duda, Ondrej;Slovakia;Ukraine;Group Stage;2;21;60;1;0;0;0;1994-12-05;adidas;F50 Elite;Ftwr White/Solar Red/Lucid Blue;New;Laceless;139110;Midfielder;8;97;61
Lobotka, Stanislav;Slovakia;Ukraine;Group Stage;2;21;90;1;0;0;0;1994-11-25;Nike;Mercurial Vapor XV Elite Nike By You;Whiteout;New;Customised the boot;101820;Midfielder;22;97;97
Schranz, Ivan;Slovakia;Ukraine;Group Stage;2;21;86;1;0;1;0;1993-09-13;adidas;F50 Elite;Ftwr White/Solar Red/Lucid Blue;New;;112201;Forward;26;97;87
Haraslín, Lukás;Slovakia;Ukraine;Group Stage;2;21;67;1;0;0;0;1996-05-26;adidas;F50 Elite;Ftwr White/Solar Red/Lucid Blue;New;;173131;Forward;17;97;68
Sauer, Leo;Slovakia;Ukraine;Group Stage;2;21;4;0;1;0;0;2005-12-16;adidas;F50 Elite;Ftwr White/Solar Red/Lucid Blue;New;;556187;Forward;24;97;10
Bozeník, Róbert;Slovakia;Ukraine;Group Stage;2;21;60;1;0;0;0;1999-11-18;Nike;Mercurial Vapor XV Elite;Pink Foam/Black;New;;204694;Forward;9;97;61
Strelec, David;Slovakia;Ukraine;Group Stage;2;21;30;0;1;0;0;2001-04-04;adidas;X Crazyfast+;Solar Red/White/Team Solar Yellow;New;Left leg shoe lace changed;456304;Forward;18;97;36
Vavro, Denis;Slovakia;Ukraine;Group Stage;2;21;90;1;0;0;0;1996-04-10;Nike;Mercurial Vapor XV Elite;Lemonade/Black;New;;164266;Defender;3;97;97
Kucka, Juraj;Slovakia;Ukraine;Group Stage;2;21;90;1;0;0;0;1987-02-26;Mizuno;Morelia Neo IV;Safety Yellow/Fiery Coral/Safety Yellow;New;;69143;Midfielder;19;97;97
Hancko, Dávid;Slovakia;Ukraine;Group Stage;2;21;67;1;0;0;0;1997-12-13;Puma;Future 7 Ultimate;Sunset Glow/Puma Black/Sun Stream;New;;235093;Defender;16;97;68
Sudakov, Heorhii;Ukraine;Slovakia;Group Stage;2;21;90;1;0;0;0;2002-09-01;Nike;Mercurial Vapor XV Elite;Pink Foam/Black;New;;465911;Midfielder;14;97;97
Zinchenko, Oleksandr;Ukraine;Slovakia;Group Stage;2;21;90;1;0;0;0;1996-12-15;Skechers;Razor;White/Blue;New;;206325;Defender;17;97;97
Brazhko, Volodymyr;Ukraine;Slovakia;Group Stage;2;21;85;1;0;0;0;2002-01-23;adidas;Predator Elite;Team Solar Yellow/Core Black/Solar Red;New;Laceless;477586;Midfielder;18;97;86
Matviienko, Mykola;Ukraine;Slovakia;Group Stage;2;21;90;1;0;0;0;1996-05-02;Puma;Ultra Ultimate;Sun Stream/Puma Black/Sunset Glow;New;;216096;Defender;22;97;97
Zubkov, Oleksandr;Ukraine;Slovakia;Group Stage;2;21;23;0;1;0;0;1996-08-03;Nike;Phantom GX II Elite;Sunset Pulse/Black;New;;218132;Midfielder;20;97;29
Yaremchuk, Roman;Ukraine;Slovakia;Group Stage;2;21;23;0;1;1;0;1995-11-27;Nike;Mercurial Vapor XV Elite;White/Bright Crimson/Black;New;;184855;Forward;9;97;30
Tymchyk, Oleksandr;Ukraine;Slovakia;Group Stage;2;21;90;1;0;0;0;1997-01-20;adidas;F50 Elite;Ftwr White/Solar Red/Lucid Blue;New;Laceless;243357;Defender;24;97;97
Sydorchuk, Serhii;Ukraine;Slovakia;Group Stage;2;21;5;0;1;0;0;1991-05-02;adidas;Predator Elite;Core Black/White/Solar Red;New;;84586;Midfielder;5;97;11
Zabarnyi, Illia;Ukraine;Slovakia;Group Stage;2;21;90;1;0;0;0;2002-09-01;Nike;Tiempo Legend X Elite;Pink Foam/Black;New;;477580;Defender;13;97;97
Mudryk, Mykhailo;Ukraine;Slovakia;Group Stage;2;21;85;1;0;0;0;2001-01-05;Nike;Mercurial Vapor XV Elite;Pink Foam/Black;New;;465920;Midfielder;10;97;86
Trubin, Anatolii;Ukraine;Slovakia;Group Stage;2;21;90;1;0;0;0;2001-08-01;Nike;Phantom GX II Elite;White/Black/Metallic Gold Coin;New;;465900;Goalkeeper;12;97;97
Yarmolenko, Andrii;Ukraine;Slovakia;Group Stage;2;21;67;1;0;0;0;1989-10-23;Nike;Mercurial Vapor XIV Elite;Volt/Bright Crimson/Black;New;;56377;Midfielder;7;97;68
Talovierov, Maksym;Ukraine;Slovakia;Group Stage;2;21;1;0;1;0;0;2000-06-28;Nike;Tiempo Legend X Elite;Lemonade/Black/Metallic Gold Coin;New;;487288;Defender;4;97;5
Dovbyk, Artem;Ukraine;Slovakia;Group Stage;2;21;67;1;0;0;0;1997-06-21;Nike;Mercurial Superfly IX Elite;White/Baltic Blue/Pink Blast/Indigo Haze;New;;213294;Forward;11;97;68
Malinovskyi, Ruslan;Ukraine;Slovakia;Group Stage;2;21;5;0;1;0;0;1993-05-04;Puma;King Ultimate;Alpine Snow/Asphalt/Yellow Blaze;New;;157374;Midfielder;8;97;11
Shaparenko, Mykola;Ukraine;Slovakia;Group Stage;2;21;89;1;0;1;1;1998-10-04;adidas;X Crazyfast.1;Solar Red/White/Team Solar Yellow;New;;208371;Midfielder;19;97;93
Vertonghen, Jan;Belgium;Romania;Group Stage;2;22;90;1;0;0;0;1987-04-24;Nike;Tiempo Legend X Elite;Pink Foam/Black;New;;39194;Defender;5;95;95
Faes, Wout;Belgium;Romania;Group Stage;2;22;90;1;0;0;0;1998-04-03;adidas;Predator Elite;Lucid Blue/Ftwr White/Solar Red;New;;218218;Defender;4;95;95
Theate, Arthur;Belgium;Romania;Group Stage;2;22;77;1;0;0;0;2000-05-25;Puma;Future 7 Ultimate;Sunset Glow/Puma Black/Sun Stream;New;;465189;Defender;3;95;78
Lukaku, Romelu;Belgium;Romania;Group Stage;2;22;90;1;0;0;0;1993-05-13;Nike;Mercurial Vapor XV Elite;Pink Foam/Black;New;;66749;Forward;10;95;95
Mangala, Orel;Belgium;Romania;Group Stage;2;22;18;0;1;0;0;1998-03-18;adidas;Copa Pure 2+;Ftwr White/Lucid Blue/Solar Red;New;;179519;Midfielder;18;95;23
Castagne, Timothy;Belgium;Romania;Group Stage;2;22;90;1;0;0;0;1995-12-05;adidas;Predator Elite;Lucid Blue/Ftwr White/Solar Red;New;;166477;Defender;21;95;95
Tielemans, Youri;Belgium;Romania;Group Stage;2;22;72;1;0;1;0;1997-05-07;Nike;Phantom GX II Elite;Sunset Pulse/Black;New;;166989;Midfielder;8;95;73
Onana, Amadou;Belgium;Romania;Group Stage;2;22;90;1;0;0;0;2001-08-16;adidas;Copa Pure 2+;Ftwr White/Lucid Blue/Solar Red;New;;449871;Midfielder;24;95;95
De Bruyne, Kevin;Belgium;Romania;Group Stage;2;22;90;1;0;1;1;1991-06-28;Nike;Phantom Luna II Elite;Sunset Pulse/Black;New;;61366;Midfielder;7;95;95
Casteels, Koen;Belgium;Romania;Group Stage;2;22;90;1;0;0;0;1992-06-25;Nike;Tiempo Legend X Elite;White/Black/Bright Crimson;New;;66763;Goalkeeper;1;95;95
Carrasco, Yannick;Belgium;Romania;Group Stage;2;22;18;0;1;0;0;1993-09-04;Nike;Mercurial Vapor XV Elite;Pink Foam/Black;New;;119718;Forward;11;95;23
Lukébakio, Dodi;Belgium;Romania;Group Stage;2;22;56;1;0;0;0;1997-09-24;Nike;Mercurial Vapor XV Elite;Pink Foam/Black;New;;219002;Midfielder;14;95;57
Trossard, Leandro;Belgium;Romania;Group Stage;2;22;34;0;1;0;0;1994-12-04;adidas;X Crazyfast+;Solar Red/White/Team Solar Yellow;New;;116216;Forward;9;95;39
Debast, Zeno;Belgium;Romania;Group Stage;2;22;13;0;1;0;0;2003-10-24;Nike;Mercurial Vapor XV Elite;Pink Foam/Black;New;;532091;Defender;2;95;18
Doku, Jérémy;Belgium;Romania;Group Stage;2;22;72;1;0;0;0;2002-05-27;Nike;Mercurial Vapor XV Elite;Pink Foam/Black;New;;248875;Midfielder;22;95;73
Marius Marin;Romania;Belgium;Group Stage;2;22;68;1;0;0;0;1998-08-30;adidas;F50 Elite;Ftwr White/Solar Red/Lucid Blue;New;Laceless;243783;Midfielder;6;95;69
Dragus, Denis;Romania;Belgium;Group Stage;2;22;81;1;0;0;0;1999-07-06;Nike;Mercurial Superfly IX Elite;Pink Foam/Black;New;;219348;Forward;19;95;82
Burca, Andrei;Romania;Belgium;Group Stage;2;22;90;1;0;0;0;1993-04-15;Nike;Tiempo Legend IX Elite;Space Purple/White/Off Noir/Pink Blast;New;;234269;Defender;15;95;95
Sorescu, Deian;Romania;Belgium;Group Stage;2;22;1;0;1;0;0;1997-08-29;Nike;Mercurial Vapor XV Elite;Lemonade/Black;New;;218128;Midfielder;23;95;5
Razvan Marin;Romania;Belgium;Group Stage;2;22;90;1;0;0;0;1996-05-23;Nike;Tiempo Legend X Elite;Pink Foam/Black;New;;163632;Midfielder;18;95;95
Alibec, Denis;Romania;Belgium;Group Stage;2;22;9;0;1;0;0;1991-01-05;Nike;Mercurial Superfly IX Elite;Pink Foam/Black;New;;80468;Forward;7;95;14
Olaru, Darius;Romania;Belgium;Group Stage;2;22;22;0;1;0;0;1998-03-03;Nike;Mercurial Vapor XIII Elite;White/White/Black;New;;230144;Midfielder;14;95;27
Stanciu, Nicolae;Romania;Belgium;Group Stage;2;22;90;1;0;0;0;1993-05-07;Nike;Phantom GT II Elite;Glacier Ice/Black/Yellow Strike;New;;83289;Midfielder;21;95;95
Man, Dennis;Romania;Belgium;Group Stage;2;22;90;1;0;0;0;1998-08-26;Puma;Ultra Ultimate;Sun Stream/Puma Black/Sunset Glow;New;;235905;Midfielder;20;95;95
Ratiu, Andrei;Romania;Belgium;Group Stage;2;22;89;1;0;0;0;1998-06-20;Nike;Mercurial Vapor XV Elite;Atmosphere Grey/Black;New;;466543;Defender;2;95;91
Dragusin, Radu;Romania;Belgium;Group Stage;2;22;90;1;0;0;0;2002-02-03;Nike;Mercurial Vapor XV Elite;Lemonade/Black;New;;493125;Defender;3;95;95
Mihaila, Valentin;Romania;Belgium;Group Stage;2;22;68;1;0;0;0;2000-02-02;Nike;Mercurial Vapor XV Elite;Pink Foam/Black;New;;439185;Midfielder;13;95;69
Hagi, Ianis;Romania;Belgium;Group Stage;2;22;22;0;1;0;0;1998-10-22;Nike;Mercurial Vapor XV Elite;Pink Foam/Black;New;;194605;Midfielder;10;95;27
Nita, Florin;Romania;Belgium;Group Stage;2;22;90;1;0;0;0;1987-07-03;Joma;Propulsion Cup 23;White/Black;New;Shoe ankle removed;101542;Goalkeeper;1;95;95
Bancu, Nicusor;Romania;Belgium;Group Stage;2;22;90;1;0;0;0;1992-09-18;Puma;Ultra Ultimate;Electric Peppermint/Puma White/Fast Yellow;New;;192152;Defender;11;95;95
Aktürkoglu, Kerem;Türkiye;Portugal;Group Stage;2;23;58;1;0;0;0;1998-10-21;Nike;Phantom GX II Elite;Sunset Pulse/Black;New;;498572;Midfielder;7;96;59
Yilmaz, Baris Alper;Türkiye;Portugal;Group Stage;2;23;90;1;0;0;0;2000-05-23;Nike;Mercurial Superfly IX Elite;Pink Foam/Black;New;;514355;Forward;21;96;96
Yildiz, Kenan;Türkiye;Portugal;Group Stage;2;23;32;0;1;0;0;2005-05-04;adidas;F50 Elite;Ftwr White/Solar Red/Lucid Blue;New;;547103;Forward;19;96;38
Akgün, Yunus;Türkiye;Portugal;Group Stage;2;23;70;1;0;0;0;2000-07-07;Nike;Phantom GX Elite DF;Bright Crimson/Black/White;New;;438346;Midfielder;25;96;70
Yüksek, Ismail;Türkiye;Portugal;Group Stage;2;23;32;0;1;0;0;1999-01-26;Nike;Phantom Luna II Elite;Sunset Pulse/Black;New;;511530;Midfielder;16;96;38
Ayhan, Kaan;Türkiye;Portugal;Group Stage;2;23;58;1;0;0;0;1994-11-10;Nike;Mercurial Superfly IX Elite;Pink Foam/Black;New;;159522;Midfielder;22;96;59
Çelik, Zeki;Türkiye;Portugal;Group Stage;2;23;90;1;0;0;0;1997-02-17;adidas;X Crazyfast.1;Solar Red/White/Team Solar Yellow;New;Laceless;171435;Defender;2;96;96
Demiral, Merih;Türkiye;Portugal;Group Stage;2;23;15;0;1;0;0;1998-03-05;Nike;Tiempo Legend X Elite;Pink Foam/Black;New;;439128;Defender;3;96;21
Kökçü, Orkun;Türkiye;Portugal;Group Stage;2;23;45;1;0;0;0;2000-12-29;Nike;Phantom GX II Elite;Sunset Pulse/Black;New;;247962;Midfielder;6;96;46
Çalhanoglu, Hakan;Türkiye;Portugal;Group Stage;2;23;90;1;0;0;0;1994-02-08;Nike;Mercurial Superfly IX Elite Nike By You;White/University Red;New;Customised the boot. Switched to Nike Mercurial Superfly IX Elite (Pink Foam/Black) after HT;111732;Midfielder;10;96;96
Yazici, Yusuf;Türkiye;Portugal;Group Stage;2;23;45;0;1;0;0;1997-01-29;Nike;Mercurial Vapor XIV Elite;Chlorine Blue/Laser Orange/Marina;New;Shoe logo removed;220734;Forward;11;96;51
Bardakci, Abdülkerim;Türkiye;Portugal;Group Stage;2;23;90;1;0;0;0;1994-09-07;Nike;Mercurial Vapor XI;Total Crimson/Volt/Pink Blast;Old;;166050;Defender;14;96;96
Akaydin, Samet;Türkiye;Portugal;Group Stage;2;23;75;1;0;OG;0;1994-03-13;Nike;Mercurial Superfly IX Elite;White/Bright Crimson/Black;New;;245333;Defender;4;96;76
Güler, Arda;Türkiye;Portugal;Group Stage;2;23;20;0;1;0;0;2005-02-25;Nike;Mercurial Vapor XV Elite;Pink Foam/Black;New;;520250;Midfielder;8;96;26
Kadioglu, Ferdi;Türkiye;Portugal;Group Stage;2;23;90;1;0;0;0;1999-10-07;Nike;Mercurial Vapor XV Elite;Pink Foam/Black;New;;231416;Defender;20;96;96
Bayindir, Altay;Türkiye;Portugal;Group Stage;2;23;90;1;0;0;0;1998-04-14;Nike;Tiempo Legend X Elite;Pink Foam/Black;New;;451302;Goalkeeper;12;96;96
Pepe;Portugal;Türkiye;Group Stage;2;23;83;1;0;0;0;1983-02-26;adidas;Predator Elite;Lucid Blue/Ftwr White/Solar Red;New;Laceless;18522;Defender;3;96;84
João Palhinha;Portugal;Türkiye;Group Stage;2;23;45;1;0;0;0;1995-07-09;adidas;Copa Pure 2+;Shadow Red/White/Team Solar Yellow;New;;154296;Midfielder;6;96;46
Rafael Leão;Portugal;Türkiye;Group Stage;2;23;45;1;0;0;0;1999-06-10;adidas;F50 Elite;Ftwr White/Solar Red/Lucid Blue;New;Laceless;216065;Midfielder;17;96;46
Rúben Neves;Portugal;Türkiye;Group Stage;2;23;45;0;1;0;0;1997-03-13;Nike;Tiempo Legend X Elite;Pink Foam/Black;New;;171317;Midfielder;18;96;51
Bruno Fernandes;Portugal;Türkiye;Group Stage;2;23;90;1;0;1;0;1994-09-08;Nike;Mercurial Vapor XV Elite;Pink Foam/Black;New;;141746;Midfielder;8;96;96
Nélson Semedo;Portugal;Türkiye;Group Stage;2;23;22;0;1;0;0;1993-11-16;Nike;Mercurial Vapor XV Elite;Pink Foam/Black;New;;200402;Defender;2;96;28
Rúben Dias;Portugal;Türkiye;Group Stage;2;23;90;1;0;0;0;1997-05-14;Nike;Phantom GX II Elite;Sunset Pulse/Black;New;;171314;Defender;4;96;96
Cristiano Ronaldo;Portugal;Türkiye;Group Stage;2;23;90;1;0;0;0;1985-02-05;Nike;Mercurial Superfly IX Elite;Green Strike/Black/Stadium Green;New;Switched to Nike Mercurial Vapor XV Elite (Pink Foam/Black) after HT;14937;Forward;7;96;96
João Cancelo;Portugal;Türkiye;Group Stage;2;23;68;1;0;0;0;1994-05-27;Nike;Mercurial Vapor XV Elite;Pink Foam/Black;New;;121145;Defender;20;96;69
Bernardo Silva;Portugal;Türkiye;Group Stage;2;23;90;1;0;1;1;1994-08-10;adidas;Copa Pure 2;Ftwr White/Lucid Blue/Solar Red;New;;165809;Midfielder;10;96;96
Pedro Neto;Portugal;Türkiye;Group Stage;2;23;45;0;1;0;0;2000-03-09;Nike;Mercurial Vapor XV Elite;Pink Foam/Black;New;;247632;Forward;25;96;51
Diogo Costa;Portugal;Türkiye;Group Stage;2;23;90;1;0;0;0;1999-09-19;adidas;Predator Elite;Lucid Blue/Ftwr White/Solar Red;New;Laceless;216050;Goalkeeper;22;96;96
João Neves;Portugal;Türkiye;Group Stage;2;23;2;0;1;0;0;2004-09-27;Nike;Phantom GX II Elite;Sunset Pulse/Black;New;;551150;Midfielder;15;96;8
Vitinha;Portugal;Türkiye;Group Stage;2;23;88;1;0;0;0;2000-02-13;Nike;Mercurial Vapor XV Elite;Pink Foam/Black;New;Shoe lace removed;437858;Midfielder;23;96;89
António Silva;Portugal;Türkiye;Group Stage;2;23;7;0;1;0;0;2003-10-30;adidas;Predator Elite;Team Solar Yellow/Core Black/Solar Red;New;;483067;Defender;24;96;13
Nuno Mendes;Portugal;Türkiye;Group Stage;2;23;90;1;0;0;0;2002-06-19;adidas;F50 Elite;Ftwr White/Solar Red/Lucid Blue;New;Laceless;465206;Defender;19;96;96
Kvaratskhelia, Khvicha;Georgia;Czechia;Group Stage;2;24;82;1;0;0;0;2001-02-12;adidas;F50 Elite;Ftwr White/Solar Red/Lucid Blue;New;Laceless;440668;Forward;7;101;88
Lochoshvili, Luka;Georgia;Czechia;Group Stage;2;24;28;0;1;0;0;1998-05-29;Nike;Tiempo Legend X Elite;Lemonade/Black/Metallic Gold Coin;New;;211265;Defender;14;101;34
Gvelesiani, Giorgi;Georgia;Czechia;Group Stage;2;24;8;0;1;0;0;1991-05-05;adidas;X Crazyfast.1;White/Core Black/Lucid Lemon;New;;93787;Defender;15;101;14
Dvali, Lasha;Georgia;Czechia;Group Stage;2;24;90;1;0;0;0;1995-05-14;Nike;Phantom GX II Elite;White/Black/Metallic Gold Coin;New;;184375;Defender;3;101;101
Chakvetadze, Giorgi;Georgia;Czechia;Group Stage;2;24;28;0;1;0;0;1999-08-29;adidas;Predator Elite Tongue;Lucid Blue/Ftwr White/Solar Red;New;;240990;Midfielder;10;101;34
Kakabadze, Otar;Georgia;Czechia;Group Stage;2;24;90;1;0;0;0;1995-06-27;Nike;Phantom GT II Elite;Glacier Ice/Black/Yellow Strike;New;;196258;Midfielder;2;101;101
Kashia, Guram;Georgia;Czechia;Group Stage;2;24;90;1;0;0;0;1987-07-04;adidas;X Crazyfast.1;White/Core Black/Lucid Lemon;New;;57304;Defender;4;101;101
Tsitaishvili, Giorgi;Georgia;Czechia;Group Stage;2;24;62;1;0;0;0;2000-11-18;Nike;Mercurial Vapor XV Elite;Lemonade/Black;New;;451017;Midfielder;21;101;68
Kverkvelia, Solomon;Georgia;Czechia;Group Stage;2;24;82;1;0;0;0;1992-02-06;Nike;Tiempo Legend X Elite;White/Black/Bright Crimson;New;;100531;Defender;5;101;87
Kvilitaia, Giorgi;Georgia;Czechia;Group Stage;2;24;2;0;1;0;0;1993-10-01;Nike;Mercurial Vapor XI;Black/White/Electric Green;Old;;175794;Forward;11;101;8
Kochorashvili, Giorgi;Georgia;Czechia;Group Stage;2;24;90;1;0;0;0;1999-06-29;Nike;Tiempo Legend X Elite;Pink Foam/Black;New;;428798;Midfielder;6;101;101
Mamardashvili, Giorgi;Georgia;Czechia;Group Stage;2;24;90;1;0;0;1;2000-09-29;Nike;Tiempo Legend X Elite;White/Black/Bright Crimson;New;;449027;Goalkeeper;25;101;101
Mikautadze, Georges;Georgia;Czechia;Group Stage;2;24;88;1;0;1;0;2000-10-31;Nike;Mercurial Superfly IX Elite;Sail/Racer Blue;New;;499209;Forward;22;101;94
Mekvabishvili, Anzor;Georgia;Czechia;Group Stage;2;24;90;1;0;0;0;2001-06-05;Nike;Mercurial Vapor XV Elite;Lemonade/Black;New;;507365;Midfielder;20;101;101
Davitashvili, Zuriko;Georgia;Czechia;Group Stage;2;24;62;1;0;0;0;2001-02-15;Nike;Mercurial Vapor XV Elite;Lemonade/Black;New;;449017;Forward;9;101;68
Lobjanidze, Saba;Georgia;Czechia;Group Stage;2;24;8;0;1;0;0;1994-12-18;adidas;F50+;White/Solar Red/Lucid Blue;New;Laceless;196239;Midfielder;23;101;14
Sevcík, Petr;Czechia;Georgia;Group Stage;2;24;9;0;1;0;0;1994-05-04;adidas;Copa Pure 2;Ftwr White/Lucid Blue/Solar Red;New;;225441;Midfielder;8;101;15
Barák, Antonín;Czechia;Georgia;Group Stage;2;24;9;0;1;0;0;1994-12-03;Pantofola d'Oro;Superleggera 2.0;White/Black/Gold;New;Customised the boot;218784;Midfielder;7;101;15
Coufal, Vladimír;Czechia;Georgia;Group Stage;2;24;90;1;0;0;0;1992-08-22;Puma;Future 7 Ultimate;Puma White/Puma Black/Poison Pink;New;;164555;Midfielder;5;101;101
Matej Jurásek;Czechia;Georgia;Group Stage;2;24;35;0;1;0;0;2003-08-30;Puma;King Ultimate;Sun Stream/Puma Black/Sunset Glow;New;;492890;Midfielder;26;101;41
Hranác, Robin;Czechia;Georgia;Group Stage;2;24;90;1;0;0;0;2000-01-29;Nike;Tiempo Legend X Elite;Lemonade/Black/Metallic Gold Coin;New;;465953;Defender;4;101;101
Lingr, Ondrej;Czechia;Georgia;Group Stage;2;24;35;0;1;0;0;1998-10-07;Nike;Phantom GX II Elite;White/Black/Metallic Gold Coin;New;;195726;Midfielder;20;101;41
Holes, Tomás;Czechia;Georgia;Group Stage;2;24;90;1;0;0;0;1993-03-31;Puma;Future 7 Ultimate;Sunset Glow/Puma Black/Sun Stream;New;Shoe lace removed;122689;Defender;3;101;101
Krejcí, Ladislav;Czechia;Georgia;Group Stage;2;24;90;1;0;0;0;1999-04-20;Nike;Tiempo Legend X Elite;White/White/White;New;;431248;Defender;18;101;101
Chytil, Mojmír;Czechia;Georgia;Group Stage;2;24;22;0;1;0;0;1999-04-29;Puma;Future 7 Ultimate;Sunset Glow/Puma Black/Sun Stream;New;;472175;Forward;13;101;28
Schick, Patrik;Czechia;Georgia;Group Stage;2;24;68;1;0;1;0;1996-01-24;Puma;Ultra Ultimate;Sun Stream/Puma Black/Sunset Glow;New;;196680;Forward;10;101;74
Cerny, Václav;Czechia;Georgia;Group Stage;2;24;55;1;0;0;0;1997-10-17;Puma;Ultra Ultimate;Sun Stream/Puma Black/Sunset Glow;New;;181928;Forward;17;101;61
Provod, Lukás;Czechia;Georgia;Group Stage;2;24;81;1;0;0;0;1996-10-23;Nike;Mercurial Vapor XV Elite;Lemonade/Black;New;;486374;Midfielder;14;101;87
Stanek, Jindrich;Czechia;Georgia;Group Stage;2;24;90;1;0;0;0;1996-04-27;adidas;F50 Elite;Ftwr White/Solar Red/Lucid Blue;New;Laceless;179100;Goalkeeper;1;101;101
Hlozek, Adam;Czechia;Georgia;Group Stage;2;24;55;1;0;0;0;2002-07-25;Nike;Mercurial Superfly IX Elite;Pink Foam/Black;New;;467008;Forward;9;101;61
Soucek, Tomás;Czechia;Georgia;Group Stage;2;24;90;1;0;0;0;1995-02-27;adidas;X Crazyfast.1;Solar Red/White/Team Solar Yellow;New;;215439;Midfielder;22;101;101
David Jurásek;Czechia;Georgia;Group Stage;2;24;81;1;0;0;0;2000-08-07;adidas;F50 Elite;Ftwr White/Solar Red/Lucid Blue;New;;511057;Midfielder;15;101;87
Embolo, Breel;Switzerland;Germany;Group Stage;3;25;65;1;0;0;0;1997-02-14;Nike;Mercurial Vapor XV Elite;Pink Foam/Black;New;;181007;Forward;7;97;67
Rodríguez, Ricardo;Switzerland;Germany;Group Stage;3;25;90;1;0;0;0;1992-08-25;Nike;Tiempo Legend X Elite;Pink Foam/Black;New;;69305;Defender;13;97;97
Vargas, Rubén;Switzerland;Germany;Group Stage;3;25;25;0;1;0;0;1998-08-05;adidas;F50 Elite;Ftwr White/Solar Red/Lucid Blue;New;Laceless;429534;Midfielder;17;97;30
Rieder, Fabian;Switzerland;Germany;Group Stage;3;25;65;1;0;0;0;2002-02-16;Nike;Mercurial Vapor XV Elite;Pink Foam/Black;New;;449787;Forward;26;97;67
Ndoye, Dan;Switzerland;Germany;Group Stage;3;25;65;1;0;1;0;2000-10-25;Nike;Mercurial Vapor XIV Elite;Grey/Blackened Blue;New;;456512;Forward;19;97;67
Amdouni, Zeki;Switzerland;Germany;Group Stage;3;25;25;0;1;0;0;2000-12-04;Nike;Phantom GX II Elite;Sunset Pulse/Black;New;;492831;Forward;25;97;30
Akanji, Manuel;Switzerland;Germany;Group Stage;3;25;90;1;0;0;0;1995-07-19;Puma;Future 7 Ultimate;Sunset Glow/Puma Black/Sun Stream;New;;211975;Defender;5;97;97
Schär, Fabian;Switzerland;Germany;Group Stage;3;25;90;1;0;0;0;1991-12-20;Puma;Ultra Play;Sun Stream/Puma Black/Sunset Glow;New;;119471;Defender;22;97;97
Aebischer, Michel;Switzerland;Germany;Group Stage;3;25;90;1;0;0;0;1997-01-06;adidas;Predator Elite;Lucid Blue/Ftwr White/Solar Red;New;;235865;Midfielder;20;97;97
Xhaka, Granit;Switzerland;Germany;Group Stage;3;25;90;1;0;0;1;1992-09-27;Puma;Future 7 Ultimate;Sunset Glow/Puma Black/Sun Stream;New;;84450;Midfielder;10;97;97
Duah, Kwadwo;Switzerland;Germany;Group Stage;3;25;25;0;1;0;0;1997-02-24;Nike;Mercurial Vapor XV Elite;Lemonade/Black;New;;207553;Forward;18;97;30
Sommer, Yann;Switzerland;Germany;Group Stage;3;25;90;1;0;0;0;1988-12-17;Puma;Future 7 Ultimate;Sunset Glow/Puma Black/Sun Stream;New;;34683;Goalkeeper;1;97;97
Widmer, Silvan;Switzerland;Germany;Group Stage;3;25;90;1;0;0;0;1993-03-05;adidas;Predator Elite;Lucid Blue/Ftwr White/Solar Red;New;;120781;Midfielder;3;97;97
Freuler, Remo;Switzerland;Germany;Group Stage;3;25;90;1;0;0;0;1992-04-15;Nike;Phantom GX II Elite;Sunset Pulse/Black;New;;89076;Midfielder;8;97;97
Andrich, Robert;Germany;Switzerland;Group Stage;3;25;65;1;0;0;0;1994-09-22;Puma;Ultra Ultimate;Sun Stream/Puma Black/Sunset Glow;New;;147488;Midfielder;23;97;67
Tah, Jonathan;Germany;Switzerland;Group Stage;3;25;61;1;0;0;0;1996-02-11;adidas;Copa Pure 2;Ftwr White/Lucid Blue/Solar Red;New;;164454;Defender;4;97;63
Schlotterbeck, Nico;Germany;Switzerland;Group Stage;3;25;29;0;1;0;0;1999-12-01;adidas;F50 Elite;Ftwr White/Solar Red/Lucid Blue;New;;470836;Defender;15;97;34
Mittelstädt, Maximilian;Germany;Switzerland;Group Stage;3;25;61;1;0;0;0;1997-03-18;Nike;Mercurial Vapor XV Elite;Lemonade/Black;New;;204335;Defender;18;97;63
Havertz, Kai;Germany;Switzerland;Group Stage;3;25;90;1;0;0;0;1999-06-11;Puma;Future 7 Ultimate;Sunset Glow/Puma Black/Sun Stream;New;;219847;Forward;7;97;97
Raum, David;Germany;Switzerland;Group Stage;3;25;29;0;1;0;0;1998-04-22;Nike;Mercurial Superfly IX Elite;Pink Foam/Black;New;;243309;Defender;3;97;34
Füllkrug, Niclas;Germany;Switzerland;Group Stage;3;25;14;0;1;1;0;1993-02-09;Nike;Mercurial Vapor XV Elite;Pink Foam/Black;New;;91889;Forward;9;97;19
Neuer, Manuel;Germany;Switzerland;Group Stage;3;25;90;1;0;0;0;1986-03-27;adidas;Copa Pure 2;Ftwr White/Lucid Blue/Solar Red;New;;20388;Goalkeeper;1;97;97
Beier, Maximilian;Germany;Switzerland;Group Stage;3;25;25;0;1;0;0;2002-10-17;adidas;Predator Elite;Lucid Blue/Ftwr White/Solar Red;New;;465859;Forward;14;97;30
Musiala, Jamal;Germany;Switzerland;Group Stage;3;25;76;1;0;0;0;2003-02-26;Nike;Tiempo Legend X Elite;Pink Foam/Black;New;;244857;Midfielder;10;97;78
Kroos, Toni;Germany;Switzerland;Group Stage;3;25;90;1;0;0;0;1990-01-04;adidas;adiPure 11Pro;Cloud White/Core Black/Gold Metallic;New;;44989;Midfielder;8;97;97
Sané, Leroy;Germany;Switzerland;Group Stage;3;25;14;0;1;0;0;1996-01-11;Nike;Mercurial Vapor XV Elite;Pink Foam/Black;New;;182156;Forward;19;97;19
Kimmich, Joshua;Germany;Switzerland;Group Stage;3;25;90;1;0;0;0;1995-02-08;Nike;Mercurial Vapor XV Elite;Pink Foam/Black;New;;165687;Defender;6;97;97
Wirtz, Florian;Germany;Switzerland;Group Stage;3;25;76;1;0;0;0;2003-05-03;adidas;F50 Elite;Ftwr White/Solar Red/Lucid Blue;New;;494595;Midfielder;17;97;78
Rüdiger, Antonio;Germany;Switzerland;Group Stage;3;25;90;1;0;0;0;1993-03-03;Under Armour;Clone Magnetico Elite 3.0;Black;New;Customised the boot;102380;Defender;2;97;97
Gündogan, Ilkay;Germany;Switzerland;Group Stage;3;25;90;1;0;0;0;1990-10-24;adidas;Predator Elite;Lucid Blue/Ftwr White/Solar Red;New;;59859;Midfielder;21;97;97
Hendry, Jack;Scotland;Hungary;Group Stage;3;26;90;1;0;0;0;1995-05-07;Nike;Phantom GX II Elite;Sunset Pulse/Black;New;;194203;Defender;13;103;103
Gilmour, Billy;Scotland;Hungary;Group Stage;3;26;83;1;0;0;0;2001-06-11;adidas;Predator Elite Tongue;Lucid Blue/Ftwr White/Solar Red;New;;243568;Midfielder;14;103;84
Gunn, Angus;Scotland;Hungary;Group Stage;3;26;90;1;0;0;0;1996-01-22;Puma;Ultra Ultimate;Sun Stream/Puma Black/Sunset Glow;New;;107265;Goalkeeper;1;103;103
McLean, Kenny;Scotland;Hungary;Group Stage;3;26;7;0;1;0;0;1992-01-08;adidas;Copa Pure 2;Ftwr White/Lucid Blue/Solar Red;New;;78607;Midfielder;23;103;19
Robertson, Andy;Scotland;Hungary;Group Stage;3;26;89;1;0;0;0;1994-03-11;Nike;Phantom GX II Elite;Sunset Pulse/Black;New;;122798;Midfielder;3;103;90
Armstrong, Stuart;Scotland;Hungary;Group Stage;3;26;14;0;1;0;0;1992-03-30;adidas;Copa Pure .1;White/Core Black/Lucid Lemon;New;;91047;Midfielder;17;103;26
Adams, Ché;Scotland;Hungary;Group Stage;3;26;76;1;0;0;0;1996-07-13;Nike;Mercurial Vapor XV Elite;Pink Foam/Black;New;;200439;Forward;10;103;77
McGregor, Callum;Scotland;Hungary;Group Stage;3;26;90;1;0;0;0;1993-06-14;Nike;Tiempo Legend X Elite;White/Black/Bright Crimson;New;;107695;Midfielder;8;103;103
Ralston, Anthony;Scotland;Hungary;Group Stage;3;26;83;1;0;0;0;1998-11-16;adidas;X Crazyfast.1;Team Solar Yellow/Core Black/White;New;;215372;Midfielder;2;103;84
McTominay, Scott;Scotland;Hungary;Group Stage;3;26;90;1;0;0;0;1996-12-08;adidas;F50 Elite;Ftwr White/Solar Red/Lucid Blue;New;;195851;Forward;4;103;103
McKenna, Scott;Scotland;Hungary;Group Stage;3;26;90;1;0;0;0;1996-11-12;adidas;Predator Elite;Team Solar Yellow/Core Black/Solar Red;New;;168281;Defender;26;103;103
Christie, Ryan;Scotland;Hungary;Group Stage;3;26;7;0;1;0;0;1995-02-22;adidas;Copa Pure 2;Ftwr White/Lucid Blue/Solar Red;New;;158499;Midfielder;11;103;19
Hanley, Grant;Scotland;Hungary;Group Stage;3;26;90;1;0;0;0;1991-11-20;Nike;Tiempo Legend X Elite;Lemonade/Black/Metallic Gold Coin;New;;83428;Defender;5;103;103
Shankland, Lawrence;Scotland;Hungary;Group Stage;3;26;14;0;1;0;0;1995-08-10;adidas;Predator Elite;Lucid Blue/Ftwr White/Solar Red;New;;116084;Forward;9;103;26
Morgan, Lewis;Scotland;Hungary;Group Stage;3;26;1;0;1;0;0;1996-09-30;adidas;F50 Elite;Ftwr White/Solar Red/Lucid Blue;New;;168499;Midfielder;18;103;14
McGinn, John;Scotland;Hungary;Group Stage;3;26;76;1;0;0;0;1994-10-18;Nike;Phantom GX II Elite;Sunset Pulse/Black;New;;122806;Forward;7;103;77
Bolla, Bendegúz;Hungary;Scotland;Group Stage;3;26;86;1;0;0;0;1999-11-22;Puma;Future 7 Ultimate;Sunset Glow/Puma Black/Sun Stream;New;;431960;Midfielder;14;103;87
Ádám Nagy;Hungary;Scotland;Group Stage;3;26;29;0;1;0;0;1995-06-17;Mizuno;Morelia Neo IV;White/Radiant Red/Hot Coral;New;;199104;Midfielder;8;103;41
Botka, Endre;Hungary;Scotland;Group Stage;3;26;90;1;0;0;0;1994-08-25;Puma;King Ultimate;Sun Stream/Puma Black/Sunset Glow;New;;167085;Defender;21;103;103
Varga, Barnabás;Hungary;Scotland;Group Stage;3;26;74;1;0;0;0;1994-10-25;Nike;Mercurial Vapor XV Elite;Pink Foam/Black;New;;240804;Forward;19;103;75
Sallai, Roland;Hungary;Scotland;Group Stage;3;26;90;1;0;0;1;1997-05-22;Nike;Mercurial Vapor XV Elite;Pink Foam/Black;New;;197109;Forward;20;103;103
Styles, Callum;Hungary;Scotland;Group Stage;3;26;61;1;0;0;0;2000-03-27;adidas;Predator Elite;Lucid Blue/Ftwr White/Solar Red;New;;226878;Midfielder;17;103;62
Gulácsi, Péter;Hungary;Scotland;Group Stage;3;26;90;1;0;0;0;1990-05-06;adidas;Predator Elite;Lucid Blue/Ftwr White/Solar Red;New;;46506;Goalkeeper;1;103;103
Orbán, Willi;Hungary;Scotland;Group Stage;3;26;90;1;0;0;0;1992-11-03;Nike;Tiempo Legend X Elite;Lemonade/Black/Metallic Gold Coin;New;;101601;Defender;6;103;103
Szalai, Attila;Hungary;Scotland;Group Stage;3;26;16;0;1;0;0;1998-01-20;adidas;Predator Elite;Lucid Blue/Ftwr White/Solar Red;New;;227096;Defender;4;103;28
Dárdai, Márton;Hungary;Scotland;Group Stage;3;26;74;1;0;0;0;2002-02-12;Nike;Mercurial Superfly IX Elite;Lemonade/Black;New;;470300;Defender;24;103;75
Ádám, Martin;Hungary;Scotland;Group Stage;3;26;16;0;1;0;0;1994-11-06;adidas;F50 Elite;Ftwr White/Solar Red/Lucid Blue;New;Laceless;218722;Forward;9;103;28
Kerkez, Milos;Hungary;Scotland;Group Stage;3;26;86;1;0;0;0;2003-11-07;adidas;F50 Elite;Ftwr White/Solar Red/Lucid Blue;New;;544877;Midfielder;11;103;87
Schäfer, András;Hungary;Scotland;Group Stage;3;26;90;1;0;0;0;1999-04-13;adidas;F50 Elite;Ftwr White/Solar Red/Lucid Blue;New;;457734;Midfielder;13;103;103
Zsolt Nagy;Hungary;Scotland;Group Stage;3;26;4;0;1;0;0;1993-05-25;adidas;X Crazyfast+;Solar Red/White/Team Solar Yellow;New;;196842;Defender;18;103;16
Csoboth, Kevin;Hungary;Scotland;Group Stage;3;26;4;0;1;1;0;2000-06-20;Nike;Mercurial Vapor XV Elite;Pink Foam/Black;New;;437962;Forward;23;103;16
Szoboszlai, Dominik;Hungary;Scotland;Group Stage;3;26;90;1;0;0;0;2000-10-25;Nike;Mercurial Vapor XV Elite;Pink Foam/Black;New;;424876;Forward;10;103;103
Strakosha, Thomas;Albania;Spain;Group Stage;3;27;90;1;0;0;0;1995-03-19;Nike;Mercurial Vapor XV Elite;White/Bright Crimson/Black;New;;140200;Goalkeeper;23;96;96
Ramadani, Ylber;Albania;Spain;Group Stage;3;27;90;1;0;0;0;1996-04-12;adidas;X Crazyfast.1;Bright Royal/White/Solar Red;New;;227386;Midfielder;20;96;96
Medon Berisha;Albania;Spain;Group Stage;3;27;20;0;1;0;0;2003-10-21;Nike;Phantom GX II Elite;Sunset Pulse/Black;New;;550922;Midfielder;16;96;25
Djimsiti, Berat;Albania;Spain;Group Stage;3;27;90;1;0;0;0;1993-02-19;adidas;Predator Elite;Lucid Blue/Ftwr White/Solar Red;New;;96645;Defender;6;96;96
Mitaj, Mario;Albania;Spain;Group Stage;3;27;90;1;0;0;0;2003-08-06;Nike;Mercurial Vapor XV Elite;Yellow Strike/Sunset Glow/Doll;New;;474900;Defender;3;96;96
Laçi, Qazim;Albania;Spain;Group Stage;3;27;70;1;0;0;0;1996-01-19;Nike;Tiempo Legend X Elite;Pink Foam/Black;New;;214282;Midfielder;14;96;71
Broja, Armando;Albania;Spain;Group Stage;3;27;31;0;1;0;0;2001-09-10;Puma;Ultra Ultimate;Sun Stream/Puma Black/Sunset Glow;New;;440323;Forward;11;96;37
Manaj, Rey;Albania;Spain;Group Stage;3;27;59;1;0;0;0;1997-02-24;Nike;Phantom GX II Elite;White/Black/Metallic Gold Coin;New;;194827;Forward;7;96;60
Balliu, Iván;Albania;Spain;Group Stage;3;27;90;1;0;0;0;1992-01-01;Munich;Mundial 2.0;White;New;;97624;Defender;2;96;96
Muçi, Ernest;Albania;Spain;Group Stage;3;27;9;0;1;0;0;2001-03-19;Nike;Mercurial Vapor XV Elite;Lemonade/Black;New;;462764;Midfielder;17;96;14
Asllani, Kristjan;Albania;Spain;Group Stage;3;27;90;1;0;0;0;2002-03-09;adidas;Predator Elite Tongue;Lucid Blue/Ftwr White/Solar Red;New;;517997;Midfielder;21;96;96
Ajeti, Arlind;Albania;Spain;Group Stage;3;27;90;1;0;0;0;1993-09-25;Mizuno;Morelia Neo IV;Safety Yellow/Fiery Coral/Safety Yellow;New;;97341;Defender;5;96;96
Bajrami, Nedim;Albania;Spain;Group Stage;3;27;70;1;0;0;0;1999-02-28;Nike;Hypervenom Phinish II;Volt/Black/Hyper Turquoise/Clear Jade;Old;;204674;Midfielder;10;96;71
Hoxha, Arbër;Albania;Spain;Group Stage;3;27;20;0;1;0;0;1998-10-06;Nike;Mercurial Vapor XV Elite;Pink Foam/Black;New;;227533;Forward;26;96;25
Asani, Jasir;Albania;Spain;Group Stage;3;27;81;1;0;0;0;1995-05-19;Puma;Ultra Ultimate;Electric Peppermint/Puma White/Fast Yellow;New;Customised the boot. Switched to Puma Ultra Ultimate (Electric Peppermint/Puma White/Fast Yellow) after HT;175893;Midfielder;9;96;82
Oyarzabal, Mikel;Spain;Albania;Group Stage;3;27;62;1;0;0;0;1997-04-21;Nike;Mercurial Vapor XV Elite;Pink Foam/Black;New;;219000;Midfielder;21;96;63
Laporte, Aymeric;Spain;Albania;Group Stage;3;27;45;1;0;0;0;1994-05-27;adidas;Predator Elite;Lucid Blue/Ftwr White/Solar Red;New;;146941;Defender;14;96;46
Torres, Ferran;Spain;Albania;Group Stage;3;27;71;1;0;1;1;2000-02-29;adidas;F50 Elite;Ftwr White/Solar Red/Lucid Blue;New;Laceless;224444;Midfielder;11;96;72
Joselu;Spain;Albania;Group Stage;3;27;72;1;0;0;0;1990-03-27;adidas;F50 Elite;Ftwr White/Solar Red/Lucid Blue;New;Laceless;61316;Forward;9;96;73
López, Fermín;Spain;Albania;Group Stage;3;27;28;0;1;0;0;2003-05-11;Under Armour;Shadow Elite 2.0;Ivory Dune/Brownstone/Anthracite;New;;551086;Midfielder;25;96;34
Grimaldo, Álex;Spain;Albania;Group Stage;3;27;90;1;0;0;0;1995-09-20;adidas;F50 Elite;Ftwr White/Solar Red/Lucid Blue;New;;106004;Defender;12;96;96
Navas, Jesús;Spain;Albania;Group Stage;3;27;90;1;0;0;0;1985-11-21;Nike;Mercurial Vapor XV Elite;Lemonade/Black;New;;17740;Defender;22;96;96
Olmo, Dani;Spain;Albania;Group Stage;3;27;84;1;0;0;0;1998-05-07;adidas;F50 Elite;Ftwr White/Solar Red/Lucid Blue;New;;179370;Midfielder;10;96;85
Le Normand, Robin;Spain;Albania;Group Stage;3;27;45;0;1;0;0;1996-11-11;adidas;F50 Elite;Ftwr White/Solar Red/Lucid Blue;New;Laceless;224919;Defender;3;96;50
Raya, David;Spain;Albania;Group Stage;3;27;90;1;0;0;0;1995-09-15;adidas;F50 Elite;Ftwr White/Solar Red/Lucid Blue;New;;154561;Goalkeeper;1;96;96
Vivian, Dani;Spain;Albania;Group Stage;3;27;90;1;0;0;0;1999-07-05;adidas;Copa Pure 2;Ftwr White/Lucid Blue/Solar Red;New;;437554;Defender;5;96;96
Lamine Yamal;Spain;Albania;Group Stage;3;27;19;0;1;0;0;2007-07-13;adidas;F50 Elite;Ftwr White/Solar Red/Lucid Blue;New;Laceless;593109;Forward;19;96;24
Merino, Mikel;Spain;Albania;Group Stage;3;27;90;1;0;0;0;1996-06-22;adidas;Predator Elite;Lucid Blue/Ftwr White/Solar Red;New;Laceless;195384;Midfielder;6;96;96
Morata, Álvaro;Spain;Albania;Group Stage;3;27;18;0;1;0;0;1992-10-23;adidas;F50 Elite;Ftwr White/Solar Red/Lucid Blue;New;;88482;Forward;7;96;24
Baena, Álex;Spain;Albania;Group Stage;3;27;6;0;1;0;0;2001-07-20;Nike;Mercurial Vapor XV Elite;Pink Foam/Black;New;;248501;Midfielder;15;96;11
Zubimendi, Martín;Spain;Albania;Group Stage;3;27;90;1;0;0;0;1999-02-02;adidas;Copa Pure 2+;Ftwr White/Lucid Blue/Solar Red;New;;481655;Midfielder;18;96;96
Budimir, Ante;Croatia;Italy;Group Stage;3;28;45;0;1;0;0;1991-07-22;Puma;Future 7 Ultimate;Sunset Glow/Puma Black/Sun Stream;New;;94273;Forward;16;100;55
Brozovic, Marcelo;Croatia;Italy;Group Stage;3;28;90;1;0;0;0;1992-11-16;Nike;Mercurial Vapor XV Elite;Pink Foam/Black;New;;94425;Midfielder;11;100;100
Mario Pasalic;Croatia;Italy;Group Stage;3;28;45;1;0;0;0;1995-02-09;adidas;Predator Elite;Lucid Blue/Ftwr White/Solar Red;New;Laceless;164570;Forward;15;100;46
Pongracic, Marin;Croatia;Italy;Group Stage;3;28;90;1;0;0;0;1997-09-11;adidas;Copa Pure 2;Ftwr White/Lucid Blue/Solar Red;New;;421634;Defender;3;100;100
Sutalo, Josip;Croatia;Italy;Group Stage;3;28;90;1;0;0;0;2000-02-28;adidas;F50 Elite;Ftwr White/Solar Red/Lucid Blue;New;;240992;Defender;6;100;100
Sucic, Luka;Croatia;Italy;Group Stage;3;28;70;1;0;0;0;2002-09-08;Nike;Mercurial Vapor XV Elite;Lemonade/Black;New;;464166;Forward;25;100;71
Livakovic, Dominik;Croatia;Italy;Group Stage;3;28;90;1;0;0;0;1995-01-09;adidas;F50 Elite;Ftwr White/Solar Red/Lucid Blue;New;;198534;Goalkeeper;1;100;100
Juranovic, Josip;Croatia;Italy;Group Stage;3;28;1;0;1;0;0;1995-08-16;adidas;F50 Elite;Ftwr White/Solar Red/Lucid Blue;New;Laceless;210791;Defender;22;100;10
Stanisic, Josip;Croatia;Italy;Group Stage;3;28;90;1;0;0;0;2000-04-02;adidas;F50 Elite;Ftwr White/Solar Red/Lucid Blue;New;;437921;Defender;2;100;100
Gvardiol, Josko;Croatia;Italy;Group Stage;3;28;90;1;0;0;0;2002-01-23;adidas;Copa Pure 2+;Ftwr White/Lucid Blue/Solar Red;New;;477424;Defender;4;100;100
Perisic, Ivan;Croatia;Italy;Group Stage;3;28;20;0;1;0;0;1989-02-02;Puma;Future 7 Ultimate;Sunset Glow/Puma Black/Sun Stream;New;;45034;Midfielder;14;100;30
Majer, Lovro;Croatia;Italy;Group Stage;3;28;10;0;1;0;0;1998-01-17;Nike;Mercurial Vapor XV Elite;Pink Foam/Black;New;;229046;Midfielder;7;100;20
Modric, Luka;Croatia;Italy;Group Stage;3;28;80;1;0;1;1;1985-09-09;Nike;Mercurial Vapor XV Elite;Pink Foam/Black;New;;37055;Midfielder;10;100;81
Ivanusec, Luka;Croatia;Italy;Group Stage;3;28;20;0;1;0;0;1998-11-26;Nike;Mercurial Vapor XV Elite;Pink Foam/Black;New;;218378;Midfielder;18;100;30
Kovacic, Mateo;Croatia;Italy;Group Stage;3;28;70;1;0;0;0;1994-05-06;Puma;King Ultimate;Sun Stream/Puma Black/Sunset Glow;New;;91651;Midfielder;8;100;71
Kramaric, Andrej;Croatia;Italy;Group Stage;3;28;89;1;0;0;0;1991-06-19;adidas;F50 Elite;Ftwr White/Solar Red/Lucid Blue;New;;68582;Forward;9;100;91
Chiesa, Federico;Italy;Croatia;Group Stage;3;28;33;0;1;0;0;1997-10-25;Nike;Mercurial Vapor XV Elite;Pink Foam/Black;New;;223541;Forward;14;100;43
Bastoni, Alessandro;Italy;Croatia;Group Stage;3;28;90;1;0;0;0;1999-04-13;Puma;Future 7 Ultimate;Puma White/Puma Black/Poison Pink;New;;215977;Defender;23;100;100
Pellegrini, Lorenzo;Italy;Croatia;Group Stage;3;28;45;1;0;0;0;1996-06-19;Nike;Phantom GX II Elite;Sunset Pulse/Black;New;;184441;Midfielder;10;100;46
Fagioli, Nicolò;Italy;Croatia;Group Stage;3;28;9;0;1;0;0;2001-02-12;adidas;X Crazyfast.1;Bright Royal/White/Solar Red;New;;226270;Midfielder;21;100;19
Raspadori, Giacomo;Italy;Croatia;Group Stage;3;28;75;1;0;0;0;2000-02-18;adidas;Predator Elite Tongue;Lucid Blue/Ftwr White/Solar Red;New;;446969;Forward;11;100;76
Darmian, Matteo;Italy;Croatia;Group Stage;3;28;81;1;0;0;0;1989-12-02;adidas;Predator Elite;Lucid Blue/Ftwr White/Solar Red;New;;40002;Defender;13;100;82
Frattesi, Davide;Italy;Croatia;Group Stage;3;28;45;0;1;0;0;1999-09-22;adidas;F50 Elite;Ftwr White/Solar Red/Lucid Blue;New;;235453;Midfielder;7;100;55
Dimarco, Federico;Italy;Croatia;Group Stage;3;28;57;1;0;0;0;1997-11-10;adidas;Predator Elite;Team Solar Yellow/Core Black/Solar Red;New;Laceless;161919;Midfielder;3;100;58
Scamacca, Gianluca;Italy;Croatia;Group Stage;3;28;15;0;1;0;0;1999-01-01;Nike;Mercurial Vapor XV Elite;Pink Foam/Black;New;;195899;Forward;9;100;25
Donnarumma, Gianluigi;Italy;Croatia;Group Stage;3;28;90;1;0;0;0;1999-02-25;adidas;Predator Elite Tongue;Lucid Blue/Ftwr White/Solar Red;New;;204936;Goalkeeper;1;100;100
Barella, Nicolò;Italy;Croatia;Group Stage;3;28;90;1;0;0;0;1997-02-07;Nike;Mercurial Vapor XV Elite;Pink Foam/Black;New;;171384;Midfielder;18;100;100
Calafiori, Riccardo;Italy;Croatia;Group Stage;3;28;90;1;0;0;0;2002-05-19;adidas;Predator Elite;Lucid Blue/Ftwr White/Solar Red;New;;466075;Defender;5;100;100
Di Lorenzo, Giovanni;Italy;Croatia;Group Stage;3;28;90;1;0;0;0;1993-08-04;Puma;Future Ultimate;Sedate Gray/Asphalt/Yellow Blaze;New;;93661;Midfielder;2;100;100
Retegui, Mateo;Italy;Croatia;Group Stage;3;28;90;1;0;0;0;1999-04-29;adidas;X Crazyfast+;Bright Royal/White/Solar Red;New;;441463;Forward;19;100;100
Zaccagni, Mattia;Italy;Croatia;Group Stage;3;28;9;0;1;1;0;1995-06-16;adidas;Predator Elite;Lucid Blue/Ftwr White/Solar Red;New;;157008;Midfielder;20;100;19
Jorginho;Italy;Croatia;Group Stage;3;28;81;1;0;0;0;1991-12-20;Puma;Future 7 Ultimate;Sunset Glow/Puma Black/Sun Stream;New;;85955;Midfielder;8;100;82
Trippier, Kieran;England;Slovenia;Group Stage;3;29;84;1;0;0;0;19/09/1990;adidas;F50 Elite;Ftwr White/Solar Red/Lucid Blue;New;;77794;Defender;12;94;84
Bellingham, Jude;England;Slovenia;Group Stage;3;29;90;1;0;0;0;29/06/2003;adidas;Predator Elite Tongue;Lucid Blue/Ftwr White/Solar Red;New;;244855;Midfielder;10;94;94
Guéhi, Marc;England;Slovenia;Group Stage;3;29;90;1;0;0;0;13/07/2000;Nike;Phantom GX II Elite;Sunset Pulse/Black;New;;209036;Defender;6;94;94
Alexander-Arnold, Trent;England;Slovenia;Group Stage;3;29;6;0;1;0;0;07/10/1998;adidas;Predator Elite Tongue;Lucid Blue/Ftwr White/Solar Red;New;;169187;Midfielder;8;94;11
Gordon, Anthony;England;Slovenia;Group Stage;3;29;1;0;1;0;0;24/02/2001;adidas;F50 Elite;Ftwr White/Solar Red/Lucid Blue;New;;232826;Forward;18;94;6
Kane, Harry;England;Slovenia;Group Stage;3;29;90;1;0;0;0;28/07/1993;Skechers;SKX 01 Low;Silver/Green;New;;78830;Forward;9;94;94
Walker, Kyle;England;Slovenia;Group Stage;3;29;90;1;0;0;0;28/05/1990;Puma;Ultra Ultimate;Sun Stream/Puma Black/Sunset Glow;New;;58621;Defender;2;94;94
Mainoo, Kobbie;England;Slovenia;Group Stage;3;29;45;0;1;0;0;19/04/2005;Nike;Phantom GX II Elite;Sunset Pulse/Black;New;;516895;Midfielder;26;94;49
Palmer, Cole;England;Slovenia;Group Stage;3;29;19;0;1;0;0;06/05/2002;Nike;Mercurial Vapor XV Elite;Atmosphere Grey/Black;New;;244851;Forward;24;94;24
Gallagher, Conor;England;Slovenia;Group Stage;3;29;45;1;0;0;0;06/02/2000;Nike;Mercurial Vapor XV Elite;Pink Foam/Black;New;;232787;Midfielder;16;94;45
Saka, Bukayo;England;Slovenia;Group Stage;3;29;71;1;0;0;0;05/09/2001;New Balance;Furon v7+ Pro;White/Gold/Black;New;;223340;Forward;7;94;71
Pickford, Jordan;England;Slovenia;Group Stage;3;29;90;1;0;0;0;07/03/1994;Puma;Ultra Ultimate;Sun Stream/Puma Black/Sunset Glow;New;;111234;Goalkeeper;1;94;94
Foden, Phil;England;Slovenia;Group Stage;3;29;89;1;0;0;0;28/05/2000;Nike;Phantom GX Elite;Fuchsia Dream/Barely Grape;New;;209244;Forward;11;94;89
Rice, Declan;England;Slovenia;Group Stage;3;29;90;1;0;0;0;14/01/1999;adidas;Copa Pure 2+;Ftwr White/Lucid Blue/Solar Red;New;;204480;Midfielder;4;94;94
Stones, John;England;Slovenia;Group Stage;3;29;90;1;0;0;0;28/05/1994;Nike;Phantom GX II Elite;Sunset Pulse/Black;New;;97299;Defender;5;94;94
Sporar, Andraz;Slovenia;England;Group Stage;3;29;86;1;0;0;0;27/02/1994;Nike;Mercurial Vapor XV Elite;Pink Foam/Black;New;;107798;Forward;9;94;86
Gorenc Stankovic, Jon;Slovenia;England;Group Stage;3;29;4;0;1;0;0;14/01/1996;Nike;Tiempo Legend X Elite;Dark Atomic Teal/Sail;New;;192301;Midfielder;5;94;9
Ilicic, Josip;Slovenia;England;Group Stage;3;29;15;0;1;0;0;29/01/1988;Nike;Mercurial Vapor XV Elite;Pink Foam/Black;New;;55712;Midfielder;26;94;20
Karnicnik, Zan;Slovenia;England;Group Stage;3;29;90;1;0;0;0;18/09/1994;adidas;F50 Elite;Ftwr White/Solar Red/Lucid Blue;New;;457317;Defender;2;94;94
Elsnik, Timi Max;Slovenia;England;Group Stage;3;29;90;1;0;0;0;29/04/1998;Nike;Hypervenom Phantom;Clearwater/Total Crimson/Blue Lagoon;Old;;207020;Midfielder;10;94;94
Mlakar, Jan;Slovenia;England;Group Stage;3;29;86;1;0;0;0;23/10/1998;Nike;Mercurial Vapor XV Elite;Pink Foam/Black;New;;207025;Midfielder;17;94;86
Janza, Erik;Slovenia;England;Group Stage;3;29;89;1;0;0;0;21/06/1993;adidas;F50 Elite;Ftwr White/Solar Red/Lucid Blue;New;;101959;Defender;13;94;91
Gnezda Cerin, Adam;Slovenia;England;Group Stage;3;29;90;1;0;0;1;16/07/1999;adidas;Copa Pure 2+;Ftwr White/Lucid Blue/Solar Red;New;;234809;Midfielder;22;94;94
Sesko, Benjamin;Slovenia;England;Group Stage;3;29;75;1;0;0;0;31/05/2003;Nike;Mercurial Vapor XV Elite;Pink Foam/Black;New;;485711;Forward;11;94;75
Oblak, Jan;Slovenia;England;Group Stage;3;29;90;1;0;0;0;07/01/1993;Puma;Future 7 Ultimate;Sunset Glow/Puma Black/Sun Stream;New;;81352;Goalkeeper;1;94;94
Celar, Zan;Slovenia;England;Group Stage;3;29;4;0;1;0;0;14/03/1999;Nike;Mercurial Vapor XV Elite;Pink Foam/Black;New;;429647;Forward;19;94;9
Bijol, Jaka;Slovenia;England;Group Stage;3;29;90;1;0;0;0;05/02/1999;adidas;Predator Elite;Lucid Blue/Ftwr White/Solar Red;New;;434752;Defender;6;94;94
Balkovec, Jure;Slovenia;England;Group Stage;3;29;1;0;1;0;0;09/09/1994;Nike;Phantom GX Elite;Hyper Turquoise/Black/Fuchsia Dream/White;New;;116546;Defender;3;94;4
Drkusic, Vanja;Slovenia;England;Group Stage;3;29;90;1;0;0;0;30/10/1999;Nike;Tiempo Legend X Elite;Lemonade/Black/Metallic Gold Coin;New;;462097;Defender;21;94;94
Stojanovic, Petar;Slovenia;England;Group Stage;3;29;90;1;0;0;0;07/10/1995;Nike;Mercurial Vapor XIV Elite;Chlorine Blue/Laser Orange/Marina;New;;153814;Midfielder;20;94;94
Skov Olsen, Andreas;Denmark;Serbia;Group Stage;3;30;45;0;1;0;0;29/12/1999;Nike;Mercurial Vapor XV Elite;Pink Foam/Black;New;;430368;Forward;11;97;51
Andersen, Joachim;Denmark;Serbia;Group Stage;3;30;90;1;0;0;0;31/05/1996;Puma;Future 7 Ultimate;Sunset Glow/Puma Black/Sun Stream;New;;174874;Defender;2;97;97
Eriksen, Christian;Denmark;Serbia;Group Stage;3;30;88;1;0;0;1;14/02/1992;Nike;Tiempo Legend X Elite;Pink Foam/Black;New;;80607;Forward;10;97;89
Mæhle, Joakim;Denmark;Serbia;Group Stage;3;30;90;1;0;0;0;20/05/1997;adidas;F50 Elite;Ftwr White/Solar Red/Lucid Blue;New;;229220;Midfielder;5;97;97
Wind, Jonas;Denmark;Serbia;Group Stage;3;30;45;1;0;0;0;07/02/1999;Nike;Mercurial Vapor XV Elite;Pink Foam/Black;New;;226973;Forward;19;97;46
Dolberg, Kasper;Denmark;Serbia;Group Stage;3;30;31;0;1;0;0;06/10/1997;Nike;Mercurial Vapor XV Elite;Pink Foam/Black;New;;209914;Forward;12;97;37
Højlund, Rasmus;Denmark;Serbia;Group Stage;3;30;59;1;0;0;0;04/02/2003;Nike;Mercurial Vapor XV Elite;Pink Foam/Black;New;;497894;Forward;9;97;60
Poulsen, Yussuf;Denmark;Serbia;Group Stage;3;30;2;0;1;0;0;15/06/1994;Nike;Tiempo Legend X Elite;Pink Foam/Black;New;;166028;Forward;20;97;8
Delaney, Thomas;Denmark;Serbia;Group Stage;3;30;13;0;1;0;0;03/09/1991;Nike;Phantom GX II Elite;White/Black/Metallic Gold Coin;New;;68640;Midfielder;8;97;19
Højbjerg, Pierre-Emile;Denmark;Serbia;Group Stage;3;30;90;1;0;0;0;05/08/1995;adidas;Predator Elite Tongue;Lucid Blue/Ftwr White/Solar Red;New;;132015;Midfielder;23;97;97
Bah, Alexander;Denmark;Serbia;Group Stage;3;30;77;1;0;0;0;09/12/1997;Nike;Mercurial Vapor XV Elite;White/Bright Crimson/Black;New;;461266;Midfielder;18;97;78
Kristiansen, Victor;Denmark;Serbia;Group Stage;3;30;13;0;1;0;0;16/12/2002;Nike;Mercurial Vapor XV Elite;Pink Foam/Black;New;;481510;Defender;17;97;19
Christensen, Andreas;Denmark;Serbia;Group Stage;3;30;90;1;0;0;0;10/04/1996;adidas;Predator Elite Tongue;Lucid Blue/Ftwr White/Solar Red;New;;135363;Defender;6;97;97
Hjulmand, Morten;Denmark;Serbia;Group Stage;3;30;77;1;0;0;0;25/06/1999;adidas;Copa Pure 2;Ftwr White/Lucid Blue/Solar Red;New;;454812;Midfielder;21;97;78
Schmeichel, Kasper;Denmark;Serbia;Group Stage;3;30;90;1;0;0;0;05/11/1986;Nike;Mercurial Vapor XV Elite;Pink Foam/Black;New;;17745;Goalkeeper;1;97;97
Vestergaard, Jannik;Denmark;Serbia;Group Stage;3;30;90;1;0;0;0;03/08/1992;adidas;Copa Pure .1;White/Core Black/Lucid Lemon;New;;93100;Defender;3;97;97
Mitrovic, Aleksandar;Serbia;Denmark;Group Stage;3;30;90;1;0;0;0;16/09/1994;Puma;Ultra Play;Sun Stream/Puma Black/Sunset Glow;New;;128389;Forward;9;97;97
Milenkovic, Nikola;Serbia;Denmark;Group Stage;3;30;90;1;0;0;0;12/10/1997;Puma;Future 7 Ultimate;Sunset Glow/Puma Black/Sun Stream;New;;227444;Defender;4;97;97
Mladenovic, Filip;Serbia;Denmark;Group Stage;3;30;17;0;1;0;0;15/08/1991;Puma;Ultra Ultimate;Sun Stream/Puma Black/Sunset Glow;New;;94467;Defender;25;97;23
Ilic, Ivan;Serbia;Denmark;Group Stage;3;30;67;1;0;0;0;17/03/2001;adidas;F50 Elite;Ftwr White/Solar Red/Lucid Blue;New;;430848;Midfielder;17;97;68
Sergej Milinkovic-Savic;Serbia;Denmark;Group Stage;3;30;3;0;1;0;0;27/02/1995;Nike;Mercurial Superfly IX Elite;Pink Foam/Black;New;;180793;Midfielder;20;97;9
Tadic, Dusan;Serbia;Denmark;Group Stage;3;30;45;0;1;0;0;20/11/1988;Nike;Tiempo Legend X Elite;Pink Foam/Black;New;;62399;Forward;10;97;51
Zivkovic, Andrija;Serbia;Denmark;Group Stage;3;30;90;1;0;0;0;11/07/1996;adidas;X Crazyfast+;Solar Red/White/Team Solar Yellow;New;;164654;Midfielder;14;97;97
Veljkovic, Milos;Serbia;Denmark;Group Stage;3;30;90;1;0;0;0;26/09/1995;Nike;Tiempo Legend X Elite;Lemonade/Black/Metallic Gold Coin;New;;153265;Defender;13;97;97
Jovic, Luka;Serbia;Denmark;Group Stage;3;30;45;0;1;0;0;23/12/1997;adidas;F50 Elite;Ftwr White/Solar Red/Lucid Blue;New;Laceless;185533;Forward;8;97;51
Mijailovic, Srdjan;Serbia;Denmark;Group Stage;3;30;73;1;0;0;0;10/11/1993;Nike;Phantom GX Elite DF;Hyper Turquoise/Black/Fuchsia Dream/White;New;;94615;Midfielder;16;97;74
Pavlovic, Strahinja;Serbia;Denmark;Group Stage;3;30;90;1;0;0;0;24/05/2001;Puma;Future 7 Ultimate;Puma White/Puma Black/Poison Pink;New;;487606;Defender;2;97;97
Samardzic, Lazar;Serbia;Denmark;Group Stage;3;30;45;1;0;0;0;24/02/2002;adidas;F50 Elite;Ftwr White/Solar Red/Lucid Blue;New;Laceless;477529;Forward;19;97;46
Lukic, Sasa;Serbia;Denmark;Group Stage;3;30;87;1;0;0;0;13/08/1996;Nike;Mercurial Superfly IX Elite;Pink Foam/Black;New;;212314;Forward;22;97;88
Gudelj, Nemanja;Serbia;Denmark;Group Stage;3;30;45;1;0;0;0;16/11/1991;Puma;Ultra Ultimate;Sun Stream/Puma Black/Sunset Glow;New;;72154;Midfielder;6;97;46
Vlahovic, Dusan;Serbia;Denmark;Group Stage;3;30;23;0;1;0;0;28/01/2000;Nike;Mercurial Vapor XV Elite;Pink Foam/Black;New;;225479;Forward;7;97;29
Rajkovic, Predrag;Serbia;Denmark;Group Stage;3;30;90;1;0;0;0;31/10/1995;Puma;Future 7 Ultimate;Puma White/Puma Black/Poison Pink;New;;104407;Goalkeeper;1;97;97
van de Ven, Micky;Netherlands;Austria;Group Stage;3;31;25;0;1;0;0;19/04/2001;Nike;Mercurial Vapor XV Elite;Pink Foam/Black;New;;491279;Defender;15;100;33
Verbruggen, Bart;Netherlands;Austria;Group Stage;3;31;90;1;0;0;0;18/08/2002;adidas;Predator Elite;Lucid Blue/Ftwr White/Solar Red;New;;489639;Goalkeeper;1;100;100
Aké, Nathan;Netherlands;Austria;Group Stage;3;31;65;1;0;0;0;18/02/1995;Nike;Phantom Luna II Elite;Sunset Pulse/Black;New;;126184;Defender;5;100;67
Depay, Memphis;Netherlands;Austria;Group Stage;3;31;90;1;0;1;0;13/02/1994;Puma;Ultra Play;Sun Stream/Puma Black/Sunset Glow;New;;106824;Forward;10;100;100
Geertruida, Lutsharel;Netherlands;Austria;Group Stage;3;31;90;1;0;0;0;18/07/2000;adidas;F50 Elite;Ftwr White/Solar Red/Lucid Blue;New;Laceless;247955;Defender;2;100;100
Gakpo, Cody;Netherlands;Austria;Group Stage;3;31;90;1;0;1;0;07/05/1999;Puma;Ultra Ultimate;Sun Stream/Puma Black/Sunset Glow;New;;243298;Forward;11;100;100
de Vrij, Stefan;Netherlands;Austria;Group Stage;3;31;90;1;0;0;0;05/02/1992;Nike;Tiempo Legend X Elite;Lemonade/Black/Metallic Gold Coin;New;;78140;Defender;6;100;100
Malen, Donyell;Netherlands;Austria;Group Stage;3;31;72;1;0;OG;0;19/01/1999;adidas;F50 Elite;Ftwr White/Solar Red/Lucid Blue;New;;204646;Forward;18;100;74
Schouten, Jerdy;Netherlands;Austria;Group Stage;3;31;90;1;0;0;0;12/01/1997;adidas;X 19.1;White/Core Black/Shock Pink;New;;230152;Midfielder;24;100;100
Wijnaldum, Georginio;Netherlands;Austria;Group Stage;3;31;25;0;1;0;0;11/11/1990;adidas;F50 Elite;Ftwr White/Solar Red/Lucid Blue;New;;41733;Midfielder;8;100;33
van Dijk, Virgil;Netherlands;Austria;Group Stage;3;31;90;1;0;0;0;08/07/1991;Nike;Tiempo Legend X Elite;Pink Foam/Black;New;;97032;Defender;4;100;100
Veerman, Joey;Netherlands;Austria;Group Stage;3;31;35;1;0;0;0;19/11/1998;adidas;Predator Elite Tongue;Lucid Blue/Ftwr White/Solar Red;New;;231653;Midfielder;16;100;-10
Reijnders, Tijjani;Netherlands;Austria;Group Stage;3;31;65;1;0;0;0;29/07/1998;Mizuno;Alpha;Laser Blue/White/Gold;New;;433036;Midfielder;14;100;67
Weghorst, Wout;Netherlands;Austria;Group Stage;3;31;18;0;1;0;0;07/08/1992;adidas;X Crazyfast+;Solar Red/White/Team Solar Yellow;New;;120202;Forward;9;100;27
Simons, Xavi;Netherlands;Austria;Group Stage;3;31;55;0;1;0;0;21/04/2003;Puma;King Ultimate;Sun Stream/Puma Black/Sunset Glow;New;;493362;Midfielder;7;100;110
Prass, Alexander;Austria;Netherlands;Group Stage;3;31;90;1;0;0;0;26/05/2001;adidas;F50 Elite;Ftwr White/Solar Red/Lucid Blue;New;;442305;Defender;8;100;100
Wöber, Max;Austria;Netherlands;Group Stage;3;31;90;1;0;0;0;04/02/1998;adidas;Copa Pure 2;Ftwr White/Lucid Blue/Solar Red;New;;220087;Defender;2;100;100
Querfeld, Leopold;Austria;Netherlands;Group Stage;3;31;26;0;1;0;0;20/12/2003;Puma;Ultra Ultimate;Sun Stream/Puma Black/Sunset Glow;New;;518058;Defender;14;100;34
Weimann, Andreas;Austria;Netherlands;Group Stage;3;31;1;0;1;0;0;05/08/1991;Nike;Phantom GX II Elite;Sunset Pulse/Black;New;;80979;Forward;24;100;6
Wimmer, Patrick;Austria;Netherlands;Group Stage;3;31;63;1;0;0;0;30/05/2001;Puma;Ultra Ultimate;Sun Stream/Puma Black/Sunset Glow;New;;486206;Midfielder;23;100;65
Gregoritsch, Michael;Austria;Netherlands;Group Stage;3;31;12;0;1;0;0;18/04/1994;adidas;Predator Elite;Lucid Blue/Ftwr White/Solar Red;New;;62480;Forward;11;100;20
Grillitsch, Florian;Austria;Netherlands;Group Stage;3;31;64;1;0;0;0;07/08/1995;adidas;Predator Elite;Lucid Blue/Ftwr White/Solar Red;New;Laceless;210159;Midfielder;10;100;66
Laimer, Konrad;Austria;Netherlands;Group Stage;3;31;27;0;1;0;0;27/05/1997;adidas;F50 Elite;Ftwr White/Solar Red/Lucid Blue;New;;109126;Midfielder;20;100;35
Posch, Stefan;Austria;Netherlands;Group Stage;3;31;90;1;0;0;0;14/05/1997;adidas;F50 Elite;Ftwr White/Solar Red/Lucid Blue;New;;191803;Defender;5;100;100
Seiwald, Nicolas;Austria;Netherlands;Group Stage;3;31;90;1;0;0;0;04/05/2001;Nike;Phantom GX II Elite;Sunset Pulse/Black;New;;478196;Midfielder;6;100;100
Lienhart, Philipp;Austria;Netherlands;Group Stage;3;31;62;1;0;0;0;11/07/1996;Puma;Future 7 Ultimate;Puma White/Puma Black/Poison Pink;New;;199245;Defender;15;100;64
Arnautovic, Marko;Austria;Netherlands;Group Stage;3;31;78;1;0;0;0;19/04/1989;Puma;Future 7 Ultimate;Sunset Glow/Puma Black/Sun Stream;New;;41464;Forward;7;100;80
Sabitzer, Marcel;Austria;Netherlands;Group Stage;3;31;90;1;0;1;1;17/03/1994;Nike;Mercurial Superfly IX Elite;White/Black/Metallic Gold;New;;101338;Midfielder;9;100;100
Baumgartner, Christoph;Austria;Netherlands;Group Stage;3;31;28;0;1;0;0;01/08/1999;adidas;F50 Elite;Ftwr White/Solar Red/Lucid Blue;New;;454831;Midfielder;19;100;36
Pentz, Patrick;Austria;Netherlands;Group Stage;3;31;90;1;0;0;0;02/01/1997;Nike;Mercurial Vapor XV Elite;Pink Foam/Black;New;;208766;Goalkeeper;13;100;100
Schmid, Romano;Austria;Netherlands;Group Stage;3;31;89;1;0;1;0;27/01/2000;adidas;F50 Elite;Ftwr White/Solar Red/Lucid Blue;New;;228564;Midfielder;18;100;94
Camavinga, Eduardo;France;Poland;Group Stage;3;32;29;0;1;0;0;10/11/2002;Nike;Phantom GX II Elite;Sunset Pulse/Black;New;;475561;Midfielder;6;98;36
Hernández, Théo;France;Poland;Group Stage;3;32;90;1;0;0;0;06/10/1997;Puma;Ultra Ultimate;Sun Stream/Puma Black/Sunset Glow;New;;222784;Defender;22;98;98
Barcola, Bradley;France;Poland;Group Stage;3;32;61;1;0;0;0;02/09/2002;adidas;F50 Elite;Ftwr White/Solar Red/Lucid Blue;New;Laceless;482616;Forward;25;98;63
Kolo Muani, Randal;France;Poland;Group Stage;3;32;4;0;1;0;0;05/12/1998;adidas;Predator Elite;Lucid Blue/Ftwr White/Solar Red;New;Laceless;247693;Forward;12;98;11
Griezmann, Antoine;France;Poland;Group Stage;3;32;29;0;1;0;0;21/03/1991;Puma;Ultra Ultimate;Sun Stream/Puma Black/Sunset Glow;New;;76650;Forward;7;98;36
Kanté, N'Golo;France;Poland;Group Stage;3;32;61;1;0;0;0;29/03/1991;adidas;X 18.1;Active Red/Silver Metallic/Bold Blue;New;;116594;Midfielder;13;98;63
Koundé, Jules;France;Poland;Group Stage;3;32;90;1;0;0;0;12/11/1998;adidas;Predator Elite Tongue;Lucid Blue/Ftwr White/Solar Red;New;;220325;Defender;5;98;98
Fofana, Youssouf;France;Poland;Group Stage;3;32;9;0;1;0;0;10/01/1999;adidas;Predator Elite;Lucid Blue/Ftwr White/Solar Red;New;Laceless;461913;Midfielder;19;98;15
Dembélé, Ousmane;France;Poland;Group Stage;3;32;86;1;0;0;0;15/05/1997;adidas;F50 Elite;Ftwr White/Solar Red/Lucid Blue;New;Laceless;219438;Forward;11;98;88
Saliba, William;France;Poland;Group Stage;3;32;90;1;0;0;0;24/03/2001;Nike;Tiempo Legend X Elite;Pink Foam/Black;New;;462424;Defender;17;98;98
Upamecano, Dayot;France;Poland;Group Stage;3;32;90;1;0;0;0;27/10/1998;Nike;Phantom Luna II Elite;White/Black/Metallic Gold Coin;New;;199661;Defender;4;98;98
Giroud, Olivier;France;Poland;Group Stage;3;32;29;0;1;0;0;30/09/1986;Puma;Ultra Ultimate;Sun Stream/Puma Black/Sunset Glow;New;;44346;Forward;9;98;35
Mbappé, Kylian;France;Poland;Group Stage;3;32;90;1;0;1;0;20/12/1998;Nike;Mercurial Superfly IX Elite;Pink Foam/Black;New;;220160;Forward;10;98;98
Maignan, Mike;France;Poland;Group Stage;3;32;90;1;0;0;0;03/07/1995;adidas;Predator Elite;Lucid Blue/Ftwr White/Solar Red;New;;129487;Goalkeeper;16;98;98
Tchouaméni, Aurélien;France;Poland;Group Stage;3;32;81;1;0;0;0;27/01/2000;Nike;Phantom Luna II Elite;Sunset Pulse/Black;New;;219292;Midfielder;8;98;83
Rabiot, Adrien;France;Poland;Group Stage;3;32;61;1;0;0;0;03/04/1995;Nike;Phantom GX II Elite;Sunset Pulse/Black;New;;120743;Midfielder;14;98;63
Urbanski, Kacper;Poland;France;Group Stage;3;32;90;1;0;0;0;07/09/2004;adidas;F50 Elite;Ftwr White/Solar Red/Lucid Blue;New;Laceless;500922;Forward;26;98;98
Sebastian Szymanski;Poland;France;Group Stage;3;32;68;1;0;0;0;10/05/1999;Nike;Mercurial Vapor XV Elite;Pink Foam/Black;New;;234516;Midfielder;20;98;70
Lewandowski, Robert;Poland;France;Group Stage;3;32;90;1;0;1;0;21/08/1988;Nike;Mercurial Vapor XV Elite;Pink Foam/Black;New;;56764;Forward;9;98;98
Zalewski, Nicola;Poland;France;Group Stage;3;32;68;1;0;0;0;23/01/2002;Nike;Mercurial Superfly IX Elite;Pink Foam/Black;New;;466147;Defender;21;98;70
Kiwior, Jakub;Poland;France;Group Stage;3;32;90;1;0;0;0;15/02/2000;adidas;F50 Elite;Ftwr White/Solar Red/Lucid Blue;New;Laceless;440854;Defender;14;98;98
Bednarek, Jan;Poland;France;Group Stage;3;32;90;1;0;0;0;12/04/1996;adidas;Predator Elite;Lucid Blue/Ftwr White/Solar Red;New;;171771;Defender;5;98;98
Frankowski, Przemyslaw;Poland;France;Group Stage;3;32;90;1;0;0;0;12/04/1995;Kipsta;CLR900;White/Volt;New;;140040;Defender;19;98;98
Dawidowicz, Pawel;Poland;France;Group Stage;3;32;90;1;0;0;0;20/05/1995;Nike;Tiempo Legend VI;Clear Jade/Black/Volt;Old;;141925;Defender;3;98;98
Swiderski, Karol;Poland;France;Group Stage;3;32;22;0;1;0;0;23/01/1997;adidas;X Crazyfast.1;Solar Red/White/Team Solar Yellow;New;;192247;Forward;7;98;29
Zielinski, Piotr;Poland;France;Group Stage;3;32;90;1;0;0;0;20/05/1994;adidas;F50 Elite;Ftwr White/Solar Red/Lucid Blue;New;Laceless;126440;Midfielder;10;98;98
Skóras, Michal;Poland;France;Group Stage;3;32;22;0;1;0;0;15/02/2000;Nike;Mercurial Vapor XV Elite;Pink Foam/Black;New;;484672;Forward;25;98;29
Skorupski, Lukasz;Poland;France;Group Stage;3;32;90;1;0;0;1;05/05/1991;adidas;F50 Elite;Ftwr White/Solar Red/Lucid Blue;New;Laceless;85288;Goalkeeper;12;98;98
Moder, Jakub;Poland;France;Group Stage;3;32;90;1;0;0;0;07/04/1999;adidas;Predator Elite Tongue;Lucid Blue/Ftwr White/Solar Red;New;;243505;Midfielder;8;98;98
Strelec, David;Slovakia;Romania;Group Stage;3;33;70;1;0;0;0;2001-04-04;adidas;X Crazyfast+;Solar Red/White/Team Solar Yellow;New;Left leg shoe lace changed;456304;Forward;18;98;74
Gyömbér, Norbert;Slovakia;Romania;Group Stage;3;33;1;0;1;0;0;1992-07-03;adidas;X Crazyfast.1;Solar Red/White/Team Solar Yellow;New;;108732;Defender;6;98;3
Vavro, Denis;Slovakia;Romania;Group Stage;3;33;90;1;0;0;0;1996-04-10;Nike;Mercurial Vapor XV Elite;Lemonade/Black;New;;164266;Defender;3;98;98
Schranz, Ivan;Slovakia;Romania;Group Stage;3;33;78;1;0;0;0;1993-09-13;adidas;F50 Elite;Ftwr White/Solar Red/Lucid Blue;New;;112201;Forward;26;98;81
Haraslín, Lukás;Slovakia;Romania;Group Stage;3;33;70;1;0;0;0;1996-05-26;adidas;F50 Elite;Ftwr White/Solar Red/Lucid Blue;New;;173131;Forward;17;98;74
Lobotka, Stanislav;Slovakia;Romania;Group Stage;3;33;90;1;0;0;1;1994-11-25;Nike;Mercurial Vapor XV Elite Nike By You;Whiteout;New;Customised the boot;101820;Midfielder;22;98;98
Suslov, Tomás;Slovakia;Romania;Group Stage;3;33;20;0;1;0;0;2002-06-07;adidas;Predator Elite;Lucid Blue/Ftwr White/Solar Red;New;Laceless;502251;Midfielder;7;98;25
Dúbravka, Martin;Slovakia;Romania;Group Stage;3;33;90;1;0;0;0;1989-01-15;Nike;Mercurial Vapor XV Elite;Lemonade/Black;New;;67089;Goalkeeper;1;98;98
Bero, Matús;Slovakia;Romania;Group Stage;3;33;1;0;1;0;0;1995-09-06;adidas;Predator Elite;Lucid Blue/Ftwr White/Solar Red;New;Laceless;181144;Midfielder;21;98;3
Duris, Dávid;Slovakia;Romania;Group Stage;3;33;12;0;1;0;0;1999-03-22;adidas;F50 Elite;Ftwr White/Solar Red/Lucid Blue;New;;465867;Forward;20;98;18
Kucka, Juraj;Slovakia;Romania;Group Stage;3;33;90;1;0;0;0;1987-02-26;Mizuno;Morelia Neo IV;White/Radiant Red/Hot Coral;New;;69143;Midfielder;19;98;98
Duda, Ondrej;Slovakia;Romania;Group Stage;3;33;89;1;0;1;0;1994-12-05;adidas;F50 Elite;Ftwr White/Solar Red/Lucid Blue;New;Laceless;139110;Midfielder;8;98;95
Pekarík, Peter;Slovakia;Romania;Group Stage;3;33;89;1;0;0;0;1986-10-30;Nike;Mercurial Superfly IX Elite;Lemonade/Black;New;;42614;Defender;2;98;95
Hancko, Dávid;Slovakia;Romania;Group Stage;3;33;90;1;0;0;0;1997-12-13;Puma;Future 7 Ultimate;Sunset Glow/Puma Black/Sun Stream;New;;235093;Defender;16;98;98
Bozeník, Róbert;Slovakia;Romania;Group Stage;3;33;20;0;1;0;0;1999-11-18;Nike;Mercurial Vapor XV Elite;Pink Foam/Black;New;;204694;Forward;9;98;25
Skriniar, Milan;Slovakia;Romania;Group Stage;3;33;90;1;0;0;0;1995-02-11;Puma;Future 7 Ultimate;Sunset Glow/Puma Black/Sun Stream;New;;112065;Defender;14;98;98
Coman, Florinel;Romania;Slovakia;Group Stage;3;33;58;1;0;0;0;1998-04-10;Nike;Mercurial Superfly IX Elite;Pink Foam/Black;New;;208974;Midfielder;17;98;62
Hagi, Ianis;Romania;Slovakia;Group Stage;3;33;66;1;0;0;0;1998-10-22;Nike;Mercurial Vapor XV Elite;Pink Foam/Black;New;;194605;Midfielder;10;98;70
Nita, Florin;Romania;Slovakia;Group Stage;3;33;90;1;0;0;0;1987-07-03;Joma;Propulsion Cup 23;White/Black;New;Shoe ankle removed;101542;Goalkeeper;1;98;98
Dragus, Denis;Romania;Slovakia;Group Stage;3;33;67;1;0;0;0;1999-07-06;Nike;Mercurial Superfly IX Elite;Pink Foam/Black;New;;219348;Forward;19;98;70
Bancu, Nicusor;Romania;Slovakia;Group Stage;3;33;90;1;0;0;0;1992-09-18;Puma;Ultra Ultimate;Fizzy Light/Parisian Night/Blue Glimmer;New;;192152;Defender;11;98;98
Ratiu, Andrei;Romania;Slovakia;Group Stage;3;33;90;1;0;0;0;1998-06-20;Nike;Mercurial Vapor XV Elite;Atmosphere Grey/Black;New;;466543;Defender;2;98;98
Rus, Adrian;Romania;Slovakia;Group Stage;3;33;4;0;1;0;0;1996-03-18;Nike;Mercurial Vapor XIII Elite;Laser Orange/Black/White;New;;430238;Defender;4;98;9
Marius Marin;Romania;Slovakia;Group Stage;3;33;90;1;0;0;0;1998-08-30;adidas;F50 Elite;Ftwr White/Solar Red/Lucid Blue;New;Laceless;243783;Midfielder;6;98;98
Man, Dennis;Romania;Slovakia;Group Stage;3;33;24;0;1;0;0;1998-08-26;Puma;Ultra Ultimate;Sun Stream/Puma Black/Sunset Glow;New;;235905;Midfielder;20;98;29
Burca, Andrei;Romania;Slovakia;Group Stage;3;33;90;1;0;0;0;1993-04-15;Nike;Tiempo Legend IX Elite;Space Purple/White/Off Noir/Pink Blast;New;;234269;Defender;15;98;98
Razvan Marin;Romania;Slovakia;Group Stage;3;33;86;1;0;1;0;1996-05-23;Nike;Tiempo Legend X Elite;Dark Atomic Teal/Sail;New;;163632;Midfielder;18;98;89
Stanciu, Nicolae;Romania;Slovakia;Group Stage;3;33;90;1;0;0;0;1993-05-07;Nike;Phantom GT II Elite;Glacier Ice/Black/Yellow Strike;New;;83289;Midfielder;21;98;98
Puscas, George;Romania;Slovakia;Group Stage;3;33;23;0;1;0;0;1996-04-08;Nike;Phantom GT II Elite;White/Black/Bright Crimson/Pink Blast;New;;174654;Forward;9;98;29
Dragusin, Radu;Romania;Slovakia;Group Stage;3;33;90;1;0;0;0;2002-02-03;Nike;Mercurial Vapor XV Elite;Lemonade/Black;New;;493125;Defender;3;98;98
Sorescu, Deian;Romania;Slovakia;Group Stage;3;33;32;0;1;0;0;1997-08-29;Nike;Mercurial Vapor XV Elite;Lemonade/Black;New;;218128;Midfielder;23;98;37
Mykolenko, Vitalii;Ukraine;Belgium;Group Stage;3;34;58;1;0;0;0;1999-05-29;adidas;X Crazyfast.1;Solar Red/White/Team Solar Yellow;New;Laceless;224967;Defender;16;97;60
Shaparenko, Mykola;Ukraine;Belgium;Group Stage;3;34;70;1;0;0;0;1998-10-04;adidas;X Crazyfast.1;Solar Red/White/Team Solar Yellow;New;;208371;Midfielder;19;97;72
Malinovskyi, Ruslan;Ukraine;Belgium;Group Stage;3;34;20;0;1;0;0;1993-05-04;Puma;King Ultimate;Sun Stream/Puma Black/Sunset Glow;New;;157374;Midfielder;8;97;25
Sudakov, Heorhii;Ukraine;Belgium;Group Stage;3;34;90;1;0;0;0;2002-09-01;Nike;Mercurial Vapor XV Elite;Pink Foam/Black;New;;465911;Midfielder;14;97;97
Dovbyk, Artem;Ukraine;Belgium;Group Stage;3;34;90;1;0;0;0;1997-06-21;Nike;Mercurial Superfly IX Elite;White/Baltic Blue/Pink Blast/Indigo Haze;New;;213294;Forward;11;97;97
Yaremchuk, Roman;Ukraine;Belgium;Group Stage;3;34;70;1;0;0;0;1995-11-27;Nike;Mercurial Vapor XV Elite;White/Bright Crimson/Black;New;Switched to Nike Mercurial Superfly IX Elite (Lemonade/Black) after HT;184855;Forward;9;97;72
Zabarnyi, Illia;Ukraine;Belgium;Group Stage;3;34;90;1;0;0;0;2002-09-01;Nike;Tiempo Legend X Elite;Pink Foam/Black;New;;477580;Defender;13;97;97
Vanat, Vladyslav;Ukraine;Belgium;Group Stage;3;34;20;0;1;0;0;2002-01-04;Nike;Mercurial Vapor XV Elite;Pink Foam/Black;New;;477617;Forward;25;97;25
Tymchyk, Oleksandr;Ukraine;Belgium;Group Stage;3;34;90;1;0;0;0;1997-01-20;adidas;X Crazyfast.1;Solar Red/White/Team Solar Yellow;New;Laceless;243357;Defender;24;97;97
Yarmolenko, Andrii;Ukraine;Belgium;Group Stage;3;34;9;0;1;0;0;1989-10-23;Nike;Mercurial Vapor XIV Elite;Volt/Bright Crimson/Black;New;;56377;Midfielder;7;97;14
Zinchenko, Oleksandr;Ukraine;Belgium;Group Stage;3;34;32;0;1;0;0;1996-12-15;Skechers;Razor;White/Blue;New;;206325;Defender;17;97;37
Matviienko, Mykola;Ukraine;Belgium;Group Stage;3;34;90;1;0;0;0;1996-05-02;Puma;Ultra Ultimate;Sun Stream/Puma Black/Sunset Glow;New;;216096;Defender;22;97;97
Trubin, Anatolii;Ukraine;Belgium;Group Stage;3;34;90;1;0;0;0;2001-08-01;Nike;Phantom GX II Elite;White/Black/Metallic Gold Coin;New;;465900;Goalkeeper;12;97;97
Svatok, Oleksandr;Ukraine;Belgium;Group Stage;3;34;81;1;0;0;0;1994-09-27;Mizuno;Morelia Neo IV;Fiery Coral/Bolt;New;;175916;Defender;3;97;83
Stepanenko, Taras;Ukraine;Belgium;Group Stage;3;34;20;0;1;0;0;1989-08-08;Puma;King Ultimate;Electric Lime/Puma Black/Poison Pink;New;;68046;Midfielder;6;97;25
Brazhko, Volodymyr;Ukraine;Belgium;Group Stage;3;34;70;1;0;0;0;2002-01-23;adidas;Predator Elite;Team Solar Yellow/Core Black/Solar Red;New;Laceless;477586;Midfielder;18;97;72
Doku, Jérémy;Belgium;Ukraine;Group Stage;3;34;77;1;0;0;0;2002-05-27;Nike;Mercurial Vapor XV Elite;Pink Foam/Black;New;;248875;Midfielder;22;97;79
Openda, Loïs;Belgium;Ukraine;Group Stage;3;34;1;0;1;0;0;2000-02-16;adidas;Predator Elite;Lucid Blue/Ftwr White/Solar Red;New;Laceless;235084;Forward;20;97;5
Trossard, Leandro;Belgium;Ukraine;Group Stage;3;34;62;1;0;0;0;1994-12-04;adidas;X Crazyfast+;Solar Red/White/Team Solar Yellow;New;;116216;Midfielder;9;97;64
Carrasco, Yannick;Belgium;Ukraine;Group Stage;3;34;28;0;1;0;0;1993-09-04;Nike;Mercurial Vapor XV Elite;Pink Foam/Black;New;;119718;Forward;11;97;33
Castagne, Timothy;Belgium;Ukraine;Group Stage;3;34;90;1;0;0;0;1995-12-05;adidas;Predator Elite;Lucid Blue/Ftwr White/Solar Red;New;;166477;Defender;21;97;97
Onana, Amadou;Belgium;Ukraine;Group Stage;3;34;90;1;0;0;0;2001-08-16;adidas;Copa Pure 2+;Ftwr White/Lucid Blue/Solar Red;New;;449871;Midfielder;24;97;97
Faes, Wout;Belgium;Ukraine;Group Stage;3;34;90;1;0;0;0;1998-04-03;adidas;Predator Elite;Lucid Blue/Ftwr White/Solar Red;New;;218218;Defender;4;97;97
Bakayoko, Johan;Belgium;Ukraine;Group Stage;3;34;13;0;1;0;0;2003-04-20;Puma;Future 7 Ultimate;Sunset Glow/Puma Black/Sun Stream;New;Shoe lace removed;519638;Forward;19;97;18
Lukaku, Romelu;Belgium;Ukraine;Group Stage;3;34;89;1;0;0;0;1993-05-13;Nike;Mercurial Vapor XV Elite;Pink Foam/Black;New;;66749;Forward;10;97;92
De Bruyne, Kevin;Belgium;Ukraine;Group Stage;3;34;90;1;0;0;1;1991-06-28;Nike;Phantom Luna II Elite;Sunset Pulse/Black;New;;61366;Midfielder;7;97;97
Casteels, Koen;Belgium;Ukraine;Group Stage;3;34;90;1;0;0;0;1992-06-25;Nike;Tiempo Legend X Elite;White/Black/Bright Crimson;New;;66763;Goalkeeper;1;97;97
Vertonghen, Jan;Belgium;Ukraine;Group Stage;3;34;90;1;0;0;0;1987-04-24;Nike;Tiempo Legend X Elite;Pink Foam/Black;New;;39194;Defender;5;97;97
Mangala, Orel;Belgium;Ukraine;Group Stage;3;34;28;0;1;0;0;1998-03-18;adidas;Copa Pure 2+;Ftwr White/Lucid Blue/Solar Red;New;;179519;Midfielder;18;97;33
Theate, Arthur;Belgium;Ukraine;Group Stage;3;34;90;1;0;0;0;2000-05-25;Puma;Future 7 Ultimate;Sunset Glow/Puma Black/Sun Stream;New;;465189;Defender;3;97;97
Tielemans, Youri;Belgium;Ukraine;Group Stage;3;34;62;1;0;0;0;1997-05-07;Nike;Phantom GX II Elite;Sunset Pulse/Black;New;;166989;Midfielder;8;97;64
Dvali, Lasha;Georgia;Portugal;Group Stage;3;35;90;1;0;0;0;1995-05-14;Nike;Phantom GX II Elite;White/Black/Metallic Gold Coin;New;;184375;Defender;3;97;97
Mamardashvili, Giorgi;Georgia;Portugal;Group Stage;3;35;90;1;0;0;0;2000-09-29;Nike;Tiempo Legend X Elite;White/Black/Bright Crimson;New;;449027;Goalkeeper;25;97;97
Kashia, Guram;Georgia;Portugal;Group Stage;3;35;90;1;0;0;0;1987-07-04;adidas;X Crazyfast.1;White/Core Black/Lucid Lemon;New;;57304;Defender;4;97;97
Kiteishvili, Otar;Georgia;Portugal;Group Stage;3;35;90;1;0;0;0;1996-03-26;Nike;Mercurial Vapor XV Elite;Lemonade/Black;New;;184569;Midfielder;17;97;97
Mikautadze, Georges;Georgia;Portugal;Group Stage;3;35;90;1;0;1;0;2000-10-31;Nike;Mercurial Vapor XV Elite;Pink Foam/Black;New;;499209;Forward;22;97;97
Kvaratskhelia, Khvicha;Georgia;Portugal;Group Stage;3;35;82;1;0;1;1;2001-02-12;adidas;F50 Elite;Ftwr White/Solar Red/Lucid Blue;New;Laceless;440668;Forward;7;97;84
Mekvabishvili, Anzor;Georgia;Portugal;Group Stage;3;35;9;0;1;0;0;2001-06-05;Nike;Mercurial Vapor XV Elite;Lemonade/Black;New;;507365;Midfielder;20;97;14
Chakvetadze, Giorgi;Georgia;Portugal;Group Stage;3;35;81;1;0;0;0;1999-08-29;adidas;Predator Elite Tongue;Lucid Blue/Ftwr White/Solar Red;New;;240990;Midfielder;10;97;84
Kakabadze, Otar;Georgia;Portugal;Group Stage;3;35;90;1;0;0;0;1995-06-27;Nike;Phantom GT II Elite;Glacier Ice/Black/Yellow Strike;New;;196258;Defender;2;97;97
Davitashvili, Zuriko;Georgia;Portugal;Group Stage;3;35;8;0;1;0;0;2001-02-15;Nike;Mercurial Vapor XV Elite;Lemonade/Black;New;;449017;Forward;9;97;14
Kochorashvili, Giorgi;Georgia;Portugal;Group Stage;3;35;90;1;0;0;0;1999-06-29;Nike;Tiempo Legend X Elite;Pink Foam/Black;New;;428798;Midfielder;6;97;97
Lochoshvili, Luka;Georgia;Portugal;Group Stage;3;35;63;1;0;0;0;1998-05-29;Nike;Tiempo Legend X Elite;Lemonade/Black/Metallic Gold Coin;New;;211265;Defender;14;97;65
Tsitaishvili, Giorgi;Georgia;Portugal;Group Stage;3;35;27;0;1;0;0;2000-11-18;Nike;Mercurial Vapor XV Elite;Lemonade/Black;New;;451017;Midfielder;21;97;32
Kverkvelia, Solomon;Georgia;Portugal;Group Stage;3;35;14;0;1;0;0;1992-02-06;Nike;Tiempo Legend X Elite;White/Black/Bright Crimson;New;;100531;Defender;5;97;19
Gvelesiani, Giorgi;Georgia;Portugal;Group Stage;3;35;76;1;0;0;0;1991-05-05;adidas;X Crazyfast.1;White/Core Black/Lucid Lemon;New;;93787;Defender;15;97;78
António Silva;Portugal;Georgia;Group Stage;3;35;66;1;0;0;0;2003-10-30;adidas;Predator Elite;Lucid Blue/Ftwr White/Solar Red;New;;483067;Defender;24;97;68
Matheus Nunes;Portugal;Georgia;Group Stage;3;35;15;0;1;0;0;1998-08-27;adidas;Copa Pure 2+;Ftwr White/Lucid Blue/Solar Red;New;;465351;Midfielder;16;97;20
Diogo Jota;Portugal;Georgia;Group Stage;3;35;15;0;1;0;0;1996-12-04;adidas;Predator Elite Tongue;Lucid Blue/Ftwr White/Solar Red;New;;194634;Forward;21;97;20
Nélson Semedo;Portugal;Georgia;Group Stage;3;35;24;0;1;0;0;1993-11-16;Nike;Mercurial Vapor XV Elite;Pink Foam/Black;New;;200402;Defender;2;97;30
João Palhinha;Portugal;Georgia;Group Stage;3;35;45;1;0;0;0;1995-07-09;adidas;Copa Pure 2+;Ftwr White/Lucid Blue/Solar Red;New;;154296;Midfielder;6;97;48
Gonçalo Inácio;Portugal;Georgia;Group Stage;3;35;90;1;0;0;0;2001-08-25;adidas;Predator Elite;Lucid Blue/Ftwr White/Solar Red;New;Laceless;509111;Defender;14;97;97
João Félix;Portugal;Georgia;Group Stage;3;35;90;1;0;0;0;1999-11-10;adidas;F50 Elite;Ftwr White/Solar Red/Lucid Blue;New;Laceless;428399;Forward;11;97;97
Cristiano Ronaldo;Portugal;Georgia;Group Stage;3;35;66;1;0;0;0;1985-02-05;Nike;Mercurial Superfly IX Elite;Pink Foam/Black;New;;14937;Forward;7;97;68
Pedro Neto;Portugal;Georgia;Group Stage;3;35;75;1;0;0;0;2000-03-09;Nike;Mercurial Vapor XV Elite;Pink Foam/Black;New;;247632;Midfielder;25;97;77
Diogo Costa;Portugal;Georgia;Group Stage;3;35;90;1;0;0;0;1999-09-19;adidas;Predator Elite;Lucid Blue/Ftwr White/Solar Red;New;Laceless;216050;Goalkeeper;22;97;97
Danilo Pereira;Portugal;Georgia;Group Stage;3;35;90;1;0;0;0;1991-09-09;Nike;Tiempo Legend X Elite;Pink Foam/Black;New;;87668;Defender;13;97;97
Francisco Conceição;Portugal;Georgia;Group Stage;3;35;90;1;0;0;0;2002-12-14;adidas;X Crazyfast+;Team Solar Yellow/Core Black/White;New;;465630;Forward;26;97;97
João Neves;Portugal;Georgia;Group Stage;3;35;75;1;0;0;0;2004-09-27;Nike;Phantom GX II Elite;White/Black/Metallic Gold Coin;New;;551150;Midfielder;15;97;77
Gonçalo Ramos;Portugal;Georgia;Group Stage;3;35;24;0;1;0;0;2001-06-20;Nike;Phantom Luna II Elite;Sunset Pulse/Black;New;;449980;Forward;9;97;30
Diogo Dalot;Portugal;Georgia;Group Stage;3;35;90;1;0;0;0;1999-03-18;Puma;Ultra Ultimate;Sun Stream/Puma Black/Sunset Glow;New;;216051;Midfielder;5;97;97
Rúben Neves;Portugal;Georgia;Group Stage;3;35;45;0;1;0;0;1997-03-13;Nike;Tiempo Legend X Elite;Pink Foam/Black;New;;171317;Midfielder;18;97;50
Lingr, Ondrej;Czechia;Türkiye;Group Stage;3;36;15;0;1;0;0;1998-10-07;Nike;Phantom GX II Elite;White/Black/Metallic Gold Coin;New;;195726;Midfielder;20;101;24
Chytil, Mojmír;Czechia;Türkiye;Group Stage;3;36;55;1;0;0;0;1999-04-29;Puma;Future 7 Ultimate;Sunset Glow/Puma Black/Sun Stream;New;;472175;Forward;13;101;59
David Jurásek;Czechia;Türkiye;Group Stage;3;36;81;1;0;0;0;2000-08-07;adidas;F50 Elite;Ftwr White/Solar Red/Lucid Blue;New;;511057;Midfielder;15;101;84
Chory, Tomás;Czechia;Türkiye;Group Stage;3;36;35;0;1;0;0;1995-01-26;Nike;Phantom GX II Elite;White/Black/Metallic Gold Coin;New;;185389;Forward;19;101;43
Soucek, Tomás;Czechia;Türkiye;Group Stage;3;36;90;1;0;1;0;1995-02-27;adidas;Copa Pure 2;Ftwr White/Lucid Blue/Solar Red;New;;215439;Midfielder;22;101;101
Stanek, Jindrich;Czechia;Türkiye;Group Stage;3;36;55;1;0;0;0;1996-04-27;adidas;F50 Elite;Ftwr White/Solar Red/Lucid Blue;New;Laceless;179100;Goalkeeper;1;101;58
Kuchta, Jan;Czechia;Türkiye;Group Stage;3;36;35;0;1;0;0;1997-01-08;adidas;Predator Elite Tongue;Lucid Blue/Ftwr White/Solar Red;New;;240529;Forward;11;101;43
Coufal, Vladimír;Czechia;Türkiye;Group Stage;3;36;90;1;0;0;0;1992-08-22;Puma;Future 7 Ultimate;Puma White/Puma Black/Poison Pink;New;;164555;Midfielder;5;101;101
Hranác, Robin;Czechia;Türkiye;Group Stage;3;36;90;1;0;0;0;2000-01-29;Nike;Tiempo Legend X Elite;Hyper Turquoise/Black/Fuchsia Dream;New;;465953;Defender;4;101;101
Holes, Tomás;Czechia;Türkiye;Group Stage;3;36;90;1;0;0;0;1993-03-31;Puma;Future 7 Ultimate;Sunset Glow/Puma Black/Sun Stream;New;Shoe lace removed;122689;Defender;3;101;101
Barák, Antonín;Czechia;Türkiye;Group Stage;3;36;20;1;0;0;0;1994-12-03;Pantofola d'Oro;Superleggera 2.0;White/Black/Gold;New;Customised the boot;218784;Forward;7;101;-25
Kovár, Matej;Czechia;Türkiye;Group Stage;3;36;35;0;1;0;0;2000-05-17;adidas;Predator Elite;Lucid Blue/Ftwr White/Solar Red;New;;446189;Goalkeeper;16;101;44
Provod, Lukás;Czechia;Türkiye;Group Stage;3;36;75;1;0;0;0;1996-10-23;Nike;Mercurial Superfly IX Elite;Lemonade/Black;New;;486374;Midfielder;14;101;78
Hlozek, Adam;Czechia;Türkiye;Group Stage;3;36;55;1;0;0;0;2002-07-25;Nike;Mercurial Superfly IX Elite;Pink Foam/Black;New;;467008;Forward;9;101;59
Krejcí, Ladislav;Czechia;Türkiye;Group Stage;3;36;90;1;0;0;0;1999-04-20;Nike;Tiempo Legend X Elite;Lemonade/Black/Metallic Gold Coin;New;;431248;Defender;18;101;101
Matej Jurásek;Czechia;Türkiye;Group Stage;3;36;9;0;1;0;0;2003-08-30;Puma;King Ultimate;Sun Stream/Puma Black/Sunset Glow;New;;492890;Midfielder;26;101;18
Yokuslu, Okay;Türkiye;Czechia;Group Stage;3;36;27;0;1;0;0;1994-03-09;adidas;Predator Elite;Lucid Blue/Ftwr White/Solar Red;New;;101394;Midfielder;5;101;35
Yüksek, Ismail;Türkiye;Czechia;Group Stage;3;36;63;1;0;0;0;1999-01-26;Nike;Phantom GX Elite DF;Baltic Blue/Pink Blast/White/Laser Blue;New;;511530;Midfielder;16;101;67
Aktürkoglu, Kerem;Türkiye;Czechia;Group Stage;3;36;14;0;1;0;0;1998-10-21;Nike;Phantom GX II Elite;Sunset Pulse/Black;New;;498572;Forward;7;101;23
Çalhanoglu, Hakan;Türkiye;Czechia;Group Stage;3;36;87;1;0;1;0;1994-02-08;Nike;Mercurial Superfly IX Elite;Pink Foam/Black;New;;111732;Midfielder;10;101;91
Yilmaz, Baris Alper;Türkiye;Czechia;Group Stage;3;36;90;1;0;0;1;2000-05-23;Nike;Mercurial Superfly IX Elite;Hyper Turquoise/Fuchsia Dream/Black/White;New;;514355;Forward;21;101;101
Demiral, Merih;Türkiye;Czechia;Group Stage;3;36;90;1;0;0;0;1998-03-05;Nike;Tiempo Legend X Elite;Pink Foam/Black;New;;439128;Defender;3;101;101
Güler, Arda;Türkiye;Czechia;Group Stage;3;36;75;1;0;0;0;2005-02-25;Nike;Mercurial Vapor XV Elite;Pink Blast/Volt/Gridiron;New;;520250;Midfielder;8;101;79
Müldür, Mert;Türkiye;Czechia;Group Stage;3;36;90;1;0;0;0;1999-04-03;Nike;Mercurial Vapor XV Elite;White/Baltic Blue/Pink Blast/Indigo Haze;New;;224990;Defender;18;101;101
Ayhan, Kaan;Türkiye;Czechia;Group Stage;3;36;45;0;1;0;0;1994-11-10;Nike;Mercurial Superfly IX Elite;Pink Foam/Black;New;;159522;Defender;22;101;53
Akaydin, Samet;Türkiye;Czechia;Group Stage;3;36;90;1;0;0;0;1994-03-13;Nike;Mercurial Superfly IX Elite;Pink Foam/Black;New;;245333;Defender;4;101;101
Özcan, Salih;Türkiye;Czechia;Group Stage;3;36;45;1;0;0;0;1998-01-11;adidas;Predator Elite;Lucid Blue/Ftwr White/Solar Red;New;Laceless;204581;Midfielder;15;101;49
Kökçü, Orkun;Türkiye;Czechia;Group Stage;3;36;3;0;1;0;0;2000-12-29;Nike;Phantom GX II Elite;Sunset Pulse/Black;New;;247962;Midfielder;6;101;11
Günok, Mert;Türkiye;Czechia;Group Stage;3;36;90;1;0;0;0;1989-03-01;Puma;King Ultimate;Sun Stream/Puma Black/Sunset Glow;New;;56077;Goalkeeper;1;101;101
Kadioglu, Ferdi;Türkiye;Czechia;Group Stage;3;36;90;1;0;0;0;1999-10-07;Nike;Mercurial Vapor XV Elite;Pink Foam/Black;New;;231416;Defender;20;101;101
Yildiz, Kenan;Türkiye;Czechia;Group Stage;3;36;76;1;0;0;0;2005-05-04;adidas;F50 Elite;Ftwr White/Solar Red/Lucid Blue;New;;547103;Midfielder;19;101;79
Tosun, Cenk;Türkiye;Czechia;Group Stage;3;36;15;0;1;1;0;1991-06-07;Nike;Mercurial Vapor XV Elite;Pink Foam/Black;New;;66838;Forward;9;101;23
Havertz, Kai;Germany;Denmark;Round of 16;4;37;90;1;0;1;0;1999-06-11;Puma;Future 7 Ultimate;Sunset Glow/Puma Black/Sun Stream;New;;219847;Forward;7;98;98
Schlotterbeck, Nico;Germany;Denmark;Round of 16;4;37;90;1;0;0;0;1999-12-01;adidas;F50 Elite;Ftwr White/Solar Red/Lucid Blue;New;;470836;Defender;15;98;98
Gündogan, Ilkay;Germany;Denmark;Round of 16;4;37;65;1;0;0;0;1990-10-24;adidas;Predator Elite;Lucid Blue/Ftwr White/Solar Red;New;;59859;Midfielder;21;98;66
Henrichs, Benjamin;Germany;Denmark;Round of 16;4;37;10;0;1;0;0;1997-02-23;Nike;Mercurial Superfly IV;Hyper Punch/Gold/Black;Old;;180167;Defender;20;98;16
Andrich, Robert;Germany;Denmark;Round of 16;4;37;64;1;0;0;0;1994-09-22;Puma;Ultra Ultimate;Sun Stream/Puma Black/Sunset Glow;New;;147488;Midfielder;23;98;66
Wirtz, Florian;Germany;Denmark;Round of 16;4;37;9;0;1;0;0;2003-05-03;adidas;F50 Elite;Ftwr White/Solar Red/Lucid Blue;New;;494595;Midfielder;17;98;16
Raum, David;Germany;Denmark;Round of 16;4;37;80;1;0;0;0;1998-04-22;Nike;Mercurial Superfly IX Elite;Pink Foam/Black;New;;243309;Defender;3;98;82
Can, Emre;Germany;Denmark;Round of 16;4;37;26;0;1;0;0;1994-01-12;Nike;Mercurial Superfly IX Elite;Lemonade/Black;New;;112338;Midfielder;25;98;32
Sané, Leroy;Germany;Denmark;Round of 16;4;37;88;1;0;0;0;1996-01-11;Nike;Mercurial Vapor XV Elite;Pink Foam/Black;New;;182156;Midfielder;19;98;89
Rüdiger, Antonio;Germany;Denmark;Round of 16;4;37;90;1;0;0;1;1993-03-03;Under Armour;Clone Magnetico Elite 3.0;Black;New;Customised the boot;102380;Defender;2;98;98
Neuer, Manuel;Germany;Denmark;Round of 16;4;37;90;1;0;0;0;1986-03-27;adidas;Copa Pure 2;Ftwr White/Lucid Blue/Solar Red;New;;20388;Goalkeeper;1;98;98
Anton, Waldemar;Germany;Denmark;Round of 16;4;37;2;0;1;0;0;1996-07-20;adidas;F50 Elite;Ftwr White/Solar Red/Lucid Blue;New;;212509;Defender;16;98;9
Füllkrug, Niclas;Germany;Denmark;Round of 16;4;37;25;0;1;0;0;1993-02-09;Nike;Mercurial Vapor XV Elite;Pink Foam/Black;New;;91889;Forward;9;98;32
Kroos, Toni;Germany;Denmark;Round of 16;4;37;90;1;0;0;0;1990-01-04;adidas;adiPure 11Pro;Cloud White/Core Black/Gold Metallic;New;;44989;Midfielder;8;98;98
Kimmich, Joshua;Germany;Denmark;Round of 16;4;37;90;1;0;0;0;1995-02-08;Nike;Mercurial Vapor XV Elite;Pink Foam/Black;New;;165687;Defender;6;98;98
Musiala, Jamal;Germany;Denmark;Round of 16;4;37;81;1;0;1;0;2003-02-26;Nike;Tiempo Legend X Elite;Pink Foam/Black;New;;244857;Midfielder;10;98;82
Skov Olsen, Andreas;Denmark;Germany;Round of 16;4;37;69;1;0;0;0;1999-12-29;Nike;Mercurial Vapor XV Elite;Pink Foam/Black;New;;430368;Forward;11;98;70
Kristiansen, Victor;Denmark;Germany;Round of 16;4;37;9;0;1;0;0;2002-12-16;Nike;Mercurial Vapor XV Elite;Pink Foam/Black;New;;481510;Defender;17;98;16
Wind, Jonas;Denmark;Germany;Round of 16;4;37;9;0;1;0;0;1999-02-07;Nike;Mercurial Vapor XV Elite;Pink Foam/Black;New;;226973;Forward;19;98;16
Mæhle, Joakim;Denmark;Germany;Round of 16;4;37;90;1;0;0;0;1997-05-20;adidas;F50 Elite;Ftwr White/Solar Red/Lucid Blue;New;;229220;Midfielder;5;98;98
Nørgaard, Christian;Denmark;Germany;Round of 16;4;37;21;0;1;0;0;1994-03-10;Puma;Future 7 Ultimate;Sunset Glow/Puma Black/Sun Stream;New;;128295;Midfielder;15;98;28
Eriksen, Christian;Denmark;Germany;Round of 16;4;37;90;1;0;0;0;1992-02-14;Nike;Tiempo Legend X Elite;Pink Foam/Black;New;;80607;Forward;10;98;98
Bah, Alexander;Denmark;Germany;Round of 16;4;37;81;1;0;0;0;1997-12-09;Nike;Mercurial Vapor XV Elite;White/Bright Crimson/Black;New;Switched to Nike Mercurial Vapor XV Elite (Pink Foam/Black) after HT;461266;Midfielder;18;98;83
Højbjerg, Pierre-Emile;Denmark;Germany;Round of 16;4;37;90;1;0;0;0;1995-08-05;adidas;Predator Elite Tongue;Lucid Blue/Ftwr White/Solar Red;New;;132015;Midfielder;23;98;98
Schmeichel, Kasper;Denmark;Germany;Round of 16;4;37;90;1;0;0;0;1986-11-05;Nike;Mercurial Vapor XV Elite;Lemonade/Black;New;;17745;Goalkeeper;1;98;98
Delaney, Thomas;Denmark;Germany;Round of 16;4;37;69;1;0;0;0;1991-09-03;Nike;Phantom GX II Elite;Sunset Pulse/Black;New;;68640;Midfielder;8;98;70
Vestergaard, Jannik;Denmark;Germany;Round of 16;4;37;90;1;0;0;0;1992-08-03;adidas;Copa Pure .1;White/Core Black/Lucid Lemon;New;;93100;Defender;3;98;98
Christensen, Andreas;Denmark;Germany;Round of 16;4;37;81;1;0;0;0;1996-04-10;adidas;Predator Elite Tongue;Lucid Blue/Ftwr White/Solar Red;New;;135363;Defender;6;98;82
Højlund, Rasmus;Denmark;Germany;Round of 16;4;37;81;1;0;0;0;2003-02-04;Nike;Mercurial Vapor XV Elite;Pink Foam/Black;New;;497894;Forward;9;98;82
Bruun Larsen, Jacob;Denmark;Germany;Round of 16;4;37;9;0;1;0;0;1998-09-19;Nike;Mercurial Vapor XV Elite;Lemonade/Black;New;;179458;Forward;26;98;16
Poulsen, Yussuf;Denmark;Germany;Round of 16;4;37;21;0;1;0;0;1994-06-15;Nike;Tiempo Legend X Elite;Pink Foam/Black;New;;166028;Forward;20;98;28
Andersen, Joachim;Denmark;Germany;Round of 16;4;37;90;1;0;0;0;1996-05-31;Puma;Future 7 Ultimate;Sunset Glow/Puma Black/Sun Stream;New;;174874;Defender;2;98;98
Ndoye, Dan;Switzerland;Italy;Round of 16;4;38;77;1;0;0;0;2000-10-25;Nike;Mercurial Vapor XIV Elite;Grey/Blackened Blue;New;;456512;Midfielder;19;96;80
Vargas, Rubén;Switzerland;Italy;Round of 16;4;38;71;1;0;1;1;1998-08-05;adidas;F50 Elite;Ftwr White/Solar Red/Lucid Blue;New;Laceless;429534;Forward;17;96;74
Akanji, Manuel;Switzerland;Italy;Round of 16;4;38;90;1;0;0;0;1995-07-19;Puma;Future 7 Ultimate;Sunset Glow/Puma Black/Sun Stream;New;;211975;Defender;5;96;96
Schär, Fabian;Switzerland;Italy;Round of 16;4;38;90;1;0;0;0;1991-12-20;Puma;Ultra Play;Sun Stream/Puma Black/Sunset Glow;New;;119471;Defender;22;96;96
Rodríguez, Ricardo;Switzerland;Italy;Round of 16;4;38;90;1;0;0;0;1992-08-25;Nike;Tiempo Legend X Elite;Pink Foam/Black;New;;69305;Defender;13;96;96
Freuler, Remo;Switzerland;Italy;Round of 16;4;38;90;1;0;1;0;1992-04-15;Nike;Phantom GX II Elite;Sunset Pulse/Black;New;;89076;Midfielder;8;96;96
Steffen, Renato;Switzerland;Italy;Round of 16;4;38;1;0;1;0;0;1991-11-03;Nike;Mercurial Vapor XV Elite;Pink Foam/Black;New;;119788;Midfielder;11;96;1
Aebischer, Michel;Switzerland;Italy;Round of 16;4;38;89;1;0;0;0;1997-01-06;adidas;Predator Elite;Lucid Blue/Ftwr White/Solar Red;New;;235865;Midfielder;20;96;95
Sommer, Yann;Switzerland;Italy;Round of 16;4;38;90;1;0;0;0;1988-12-17;Puma;Future 7 Ultimate;Sunset Glow/Puma Black/Sun Stream;New;;34683;Goalkeeper;1;96;96
Stergiou, Leonidas;Switzerland;Italy;Round of 16;4;38;19;0;1;0;0;2002-03-03;Puma;Ultra Play;Sun Stream/Puma Black/Sunset Glow;New;;476824;Defender;2;96;22
Embolo, Breel;Switzerland;Italy;Round of 16;4;38;77;1;0;0;0;1997-02-14;Nike;Mercurial Vapor XV Elite;Pink Foam/Black;New;;181007;Forward;7;96;80
Duah, Kwadwo;Switzerland;Italy;Round of 16;4;38;13;0;1;0;0;1997-02-24;Nike;Mercurial Vapor XV Elite;Lemonade/Black;New;;207553;Forward;18;96;16
Rieder, Fabian;Switzerland;Italy;Round of 16;4;38;71;1;0;0;0;2002-02-16;Nike;Mercurial Vapor XV Elite;Pink Foam/Black;New;;449787;Forward;26;96;74
Zuber, Steven;Switzerland;Italy;Round of 16;4;38;19;0;1;0;0;1991-08-17;Nike;Mercurial Vapor XV Elite;Lemonade/Black;New;;52046;Midfielder;14;96;22
Xhaka, Granit;Switzerland;Italy;Round of 16;4;38;90;1;0;0;0;1992-09-27;Puma;Future 7 Ultimate;Sunset Glow/Puma Black/Sun Stream;New;;84450;Midfielder;10;96;96
Sierro, Vincent;Switzerland;Italy;Round of 16;4;38;13;0;1;0;0;1995-10-08;adidas;Nemeziz .1;White/Screaming Orange/Core Black;New;;209208;Midfielder;16;96;16
Barella, Nicolò;Italy;Switzerland;Round of 16;4;38;64;1;0;0;0;1997-02-07;Nike;Mercurial Vapor XV Elite;Pink Foam/Black;New;;171384;Midfielder;18;96;67
Cambiaso, Andrea;Italy;Switzerland;Round of 16;4;38;15;0;1;0;0;2000-02-20;adidas;F50 Elite;Ftwr White/Solar Red/Lucid Blue;New;;515759;Defender;24;96;18
Cristante, Bryan;Italy;Switzerland;Round of 16;4;38;75;1;0;0;0;1995-03-03;adidas;Predator Elite;Lucid Blue/Ftwr White/Solar Red;New;;109511;Midfielder;16;96;78
Donnarumma, Gianluigi;Italy;Switzerland;Round of 16;4;38;90;1;0;0;0;1999-02-25;adidas;Predator Elite Tongue;Lucid Blue/Ftwr White/Solar Red;New;;204936;Goalkeeper;1;96;96
Frattesi, Davide;Italy;Switzerland;Round of 16;4;38;4;0;1;0;0;1999-09-22;adidas;F50 Elite;Ftwr White/Solar Red/Lucid Blue;New;;235453;Midfielder;7;96;7
Chiesa, Federico;Italy;Switzerland;Round of 16;4;38;90;1;0;0;0;1997-10-25;Nike;Mercurial Vapor XV Elite;Pink Foam/Black;New;;223541;Forward;14;96;96
Pellegrini, Lorenzo;Italy;Switzerland;Round of 16;4;38;15;0;1;0;0;1996-06-19;Nike;Phantom GX II Elite;Sunset Pulse/Black;New;;184441;Midfielder;10;96;18
Retegui, Mateo;Italy;Switzerland;Round of 16;4;38;26;0;1;0;0;1999-04-29;adidas;X Crazyfast+;Bright Royal/White/Solar Red;New;;441463;Forward;19;96;29
Bastoni, Alessandro;Italy;Switzerland;Round of 16;4;38;90;1;0;0;0;1999-04-13;Puma;Future 7 Ultimate;Puma White/Puma Black/Poison Pink;New;;215977;Defender;23;96;96
Fagioli, Nicolò;Italy;Switzerland;Round of 16;4;38;86;1;0;0;0;2001-02-12;adidas;F50 Elite;Ftwr White/Solar Red/Lucid Blue;New;;226270;Midfielder;21;96;89
Scamacca, Gianluca;Italy;Switzerland;Round of 16;4;38;90;1;0;0;0;1999-01-01;Nike;Mercurial Vapor XV Elite;White/Bright Crimson/Black;New;Switched to Nike Mercurial Vapor XV Elite (Lemonade/Black) after HT;195899;Forward;9;96;96
Darmian, Matteo;Italy;Switzerland;Round of 16;4;38;75;1;0;0;0;1989-12-02;adidas;Predator Elite;Lucid Blue/Ftwr White/Solar Red;New;;40002;Defender;13;96;78
Mancini, Gianluca;Italy;Switzerland;Round of 16;4;38;90;1;0;0;0;1996-04-17;adidas;Predator Elite Tongue;Lucid Blue/Ftwr White/Solar Red;New;;198374;Defender;17;96;96
Zaccagni, Mattia;Italy;Switzerland;Round of 16;4;38;45;0;1;0;0;1995-06-16;adidas;Predator Elite;Lucid Blue/Ftwr White/Solar Red;New;;157008;Midfielder;20;96;47
Di Lorenzo, Giovanni;Italy;Switzerland;Round of 16;4;38;90;1;0;0;0;1993-08-04;Puma;Future Ultimate;Sedate Gray/Asphalt/Yellow Blaze;New;;93661;Defender;2;96;96
El Shaarawy, Stephan;Italy;Switzerland;Round of 16;4;38;45;1;0;0;0;1992-10-27;Nike;Mercurial Superfly IX Elite;Pink Foam/Black;New;;58928;Forward;22;96;49
Merino, Mikel;Spain;Georgia;Round of 16;4;39;9;0;1;0;0;1996-06-22;adidas;Predator Elite;Lucid Blue/Ftwr White/Solar Red;New;Laceless;195384;Midfielder;6;96;13
Lamine Yamal;Spain;Georgia;Round of 16;4;39;90;1;0;0;0;2007-07-13;adidas;F50 Elite;Ftwr White/Solar Red/Lucid Blue;New;Laceless;593109;Forward;19;96;96
Simón, Unai;Spain;Georgia;Round of 16;4;39;90;1;0;0;0;1997-06-11;adidas;Copa Pure 2+;Ftwr White/Lucid Blue/Solar Red;New;;212769;Goalkeeper;23;96;96
Williams, Nico;Spain;Georgia;Round of 16;4;39;90;1;0;1;0;2002-07-12;Nike;Mercurial Vapor XV Elite;White/Bright Crimson/Black;New;Colored the logo;523654;Forward;17;96;96
Morata, Álvaro;Spain;Georgia;Round of 16;4;39;67;1;0;0;0;1992-10-23;adidas;F50 Elite;Ftwr White/Solar Red/Lucid Blue;New;;88482;Forward;7;96;69
Navas, Jesús;Spain;Georgia;Round of 16;4;39;9;0;1;0;0;1985-11-21;Nike;Mercurial Vapor XV Elite;White/Baltic Blue/Pink Blast/Indigo Haze;New;;17740;Defender;22;96;13
Grimaldo, Álex;Spain;Georgia;Round of 16;4;39;24;0;1;0;0;1995-09-20;adidas;F50 Elite;Ftwr White/Solar Red/Lucid Blue;New;;106004;Defender;12;96;28
Olmo, Dani;Spain;Georgia;Round of 16;4;39;38;0;1;1;0;1998-05-07;adidas;F50 Elite;Ftwr White/Solar Red/Lucid Blue;New;;179370;Forward;10;96;42
Cucurella, Marc;Spain;Georgia;Round of 16;4;39;66;1;0;0;0;1998-07-22;Puma;Future 7 Ultimate;Sunset Glow/Puma Black/Sun Stream;New;;179268;Defender;24;96;69
Carvajal, Dani;Spain;Georgia;Round of 16;4;39;81;1;0;0;0;1992-01-11;Puma;Future 7 Ultimate;Sunset Glow/Puma Black/Sun Stream;New;;88483;Defender;2;96;83
Le Normand, Robin;Spain;Georgia;Round of 16;4;39;90;1;0;OG;0;1996-11-11;adidas;F50 Elite;Ftwr White/Solar Red/Lucid Blue;New;Laceless;224919;Defender;3;96;96
Oyarzabal, Mikel;Spain;Georgia;Round of 16;4;39;23;0;1;0;0;1997-04-21;Nike;Mercurial Vapor XV Elite;Pink Foam/Black;New;;219000;Forward;21;96;27
Pedri;Spain;Georgia;Round of 16;4;39;52;1;0;0;0;2002-11-25;adidas;Predator Elite Tongue;Lucid Blue/Ftwr White/Solar Red;New;;490541;Midfielder;20;96;55
Ruiz, Fabián;Spain;Georgia;Round of 16;4;39;81;1;0;1;0;1996-04-03;adidas;Copa Pure 2;Ftwr White/Lucid Blue/Solar Red;New;;201379;Midfielder;8;96;84
Rodri;Spain;Georgia;Round of 16;4;39;90;1;0;1;1;1996-06-22;Nike;Phantom Luna II Elite;Sunset Pulse/Black;New;;220566;Midfielder;16;96;96
Laporte, Aymeric;Spain;Georgia;Round of 16;4;39;90;1;0;0;0;1994-05-27;adidas;Predator Elite;Lucid Blue/Ftwr White/Solar Red;New;;146941;Defender;14;96;96
Kochorashvili, Giorgi;Georgia;Spain;Round of 16;4;39;90;1;0;0;0;1999-06-29;Nike;Tiempo Legend X Elite;Pink Foam/Black;New;;428798;Midfielder;6;96;96
Kvekveskiri, Nika;Georgia;Spain;Round of 16;4;39;11;0;1;0;0;1992-05-29;Nike;Phantom GX II Elite;White/Black/Metallic Gold Coin;New;;78999;Midfielder;16;96;15
Kiteishvili, Otar;Georgia;Spain;Round of 16;4;39;41;1;0;0;0;1996-03-26;Nike;Mercurial Vapor XV Elite;Lemonade/Black;New;;184569;Midfielder;17;96;-4
Kakabadze, Otar;Georgia;Spain;Round of 16;4;39;90;1;0;0;0;1995-06-27;Nike;Phantom GT II Elite;Glacier Ice/Black/Yellow Strike;New;;196258;Defender;2;96;96
Zivzivadze, Budu;Georgia;Spain;Round of 16;4;39;11;0;1;0;0;1994-03-10;adidas;X Crazyfast+;Solar Red/White/Team Solar Yellow;New;;196243;Forward;8;96;15
Chakvetadze, Giorgi;Georgia;Spain;Round of 16;4;39;63;1;0;0;0;1999-08-29;adidas;Predator Elite Tongue;Lucid Blue/Ftwr White/Solar Red;New;;240990;Midfielder;10;96;66
Mikautadze, Georges;Georgia;Spain;Round of 16;4;39;79;1;0;0;0;2000-10-31;Nike;Mercurial Vapor XV Elite;Pink Foam/Black;New;;499209;Forward;22;96;82
Lochoshvili, Luka;Georgia;Spain;Round of 16;4;39;63;1;0;0;0;1998-05-29;Nike;Tiempo Legend X Elite;Lemonade/Black/Metallic Gold Coin;New;;211265;Defender;14;96;66
Kashia, Guram;Georgia;Spain;Round of 16;4;39;90;1;0;0;0;1987-07-04;adidas;X Crazyfast.1;White/Core Black/Lucid Lemon;New;;57304;Defender;4;96;96
Tsitaishvili, Giorgi;Georgia;Spain;Round of 16;4;39;27;0;1;0;0;2000-11-18;Nike;Mercurial Vapor XV Elite;Lemonade/Black;New;;451017;Midfielder;21;96;31
Kvaratskhelia, Khvicha;Georgia;Spain;Round of 16;4;39;90;1;0;0;0;2001-02-12;adidas;F50 Elite;Ftwr White/Solar Red/Lucid Blue;New;Laceless;440668;Forward;7;96;96
Altunashvili, Sandro;Georgia;Spain;Round of 16;4;39;49;0;1;0;0;1997-05-19;adidas;Predator Elite;Team Solar Yellow/Core Black/Solar Red;New;;219016;Midfielder;18;96;101
Dvali, Lasha;Georgia;Spain;Round of 16;4;39;90;1;0;0;0;1995-05-14;Nike;Phantom GX II Elite;White/Black/Metallic Gold Coin;New;;184375;Defender;3;96;96
Gvelesiani, Giorgi;Georgia;Spain;Round of 16;4;39;79;1;0;0;0;1991-05-05;adidas;F50 Elite;Ftwr White/Solar Red/Lucid Blue;New;;93787;Defender;15;96;81
Davitashvili, Zuriko;Georgia;Spain;Round of 16;4;39;27;0;1;0;0;2001-02-15;Nike;Mercurial Vapor XV Elite;Lemonade/Black;New;;449017;Forward;9;96;31
Mamardashvili, Giorgi;Georgia;Spain;Round of 16;4;39;90;1;0;0;0;2000-09-29;Nike;Tiempo Legend X Elite;White/Black/Bright Crimson;New;;449027;Goalkeeper;25;96;96
Pickford, Jordan;England;Slovakia;Round of 16;4;40;120;1;0;0;0;1994-03-07;Puma;Ultra Ultimate;Sun Stream/Puma Black/Sunset Glow;New;;111234;Goalkeeper;1;134;134
Palmer, Cole;England;Slovakia;Round of 16;4;40;54;0;1;0;0;2002-05-06;Nike;Mercurial Vapor XV Elite;Atmosphere Grey/Black;New;;244851;Forward;24;134;65
Guéhi, Marc;England;Slovakia;Round of 16;4;40;120;1;0;0;0;2000-07-13;Nike;Phantom GX II Elite;Sunset Pulse/Black;New;;209036;Defender;6;134;134
Stones, John;England;Slovakia;Round of 16;4;40;120;1;0;0;0;1994-05-28;Nike;Phantom GX II Elite;Sunset Pulse/Black;New;;97299;Defender;5;134;134
Walker, Kyle;England;Slovakia;Round of 16;4;40;120;1;0;0;0;1990-05-28;Puma;Ultra 5 Carbon;Lapis Lazuli/Puma White/Sunset Glow;New;;58621;Defender;2;134;134
Toney, Ivan;England;Slovakia;Round of 16;4;40;30;0;1;0;0;1996-03-16;adidas;F50 Elite;Ftwr White/Solar Red/Lucid Blue;New;;144485;Forward;17;134;36
Rice, Declan;England;Slovakia;Round of 16;4;40;120;1;0;0;0;1999-01-14;adidas;Copa Pure 2+;Ftwr White/Lucid Blue/Solar Red;New;;204480;Midfielder;4;134;134
Trippier, Kieran;England;Slovakia;Round of 16;4;40;66;1;0;0;0;1990-09-19;adidas;F50 Elite;Ftwr White/Solar Red/Lucid Blue;New;;77794;Defender;12;134;70
Kane, Harry;England;Slovakia;Round of 16;4;40;105;1;0;1;0;1993-07-28;Skechers;SKX 01 Low;Silver/Green;New;;78830;Forward;9;134;118
Foden, Phil;England;Slovakia;Round of 16;4;40;90;1;0;0;0;2000-05-28;Nike;Phantom GX II Elite;Sunset Pulse/Black;New;;209244;Midfielder;11;134;98
Saka, Bukayo;England;Slovakia;Round of 16;4;40;120;1;0;0;0;2001-09-05;New Balance;Furon v7+ Pro;White/Gold/Black;New;;223340;Midfielder;7;134;134
Mainoo, Kobbie;England;Slovakia;Round of 16;4;40;84;1;0;0;0;2005-04-19;Nike;Phantom GX II Elite;Sunset Pulse/Black;New;;516895;Midfielder;26;134;88
Eze, Eberechi;England;Slovakia;Round of 16;4;40;36;0;1;0;0;1998-06-29;New Balance;Tekela V4+ Pro Low Cut;Bleached Lime Glo;New;;232413;Forward;21;134;47
Gallagher, Conor;England;Slovakia;Round of 16;4;40;15;0;1;0;0;2000-02-06;Nike;Mercurial Vapor XV Elite;Pink Foam/Black;New;;232787;Midfielder;16;134;17
Konsa, Ezri;England;Slovakia;Round of 16;4;40;15;0;1;0;0;1997-10-23;adidas;Predator Elite;Lucid Blue/Ftwr White/Solar Red;New;Laceless;199798;Defender;14;134;17
Bellingham, Jude;England;Slovakia;Round of 16;4;40;105;1;0;1;1;2003-06-29;adidas;Predator Elite Tongue;Lucid Blue/Ftwr White/Solar Red;New;;244855;Midfielder;10;134;118
Suslov, Tomás;Slovakia;England;Round of 16;4;40;59;0;1;0;0;2002-06-07;adidas;Predator Elite;Lucid Blue/Ftwr White/Solar Red;New;Laceless;502251;Midfielder;7;134;69
Pekarík, Peter;Slovakia;England;Round of 16;4;40;109;1;0;0;0;1986-10-30;Nike;Mercurial Superfly IX Elite;Lemonade/Black;New;;42614;Defender;2;134;121
Haraslín, Lukás;Slovakia;England;Round of 16;4;40;61;1;0;0;0;1996-05-26;adidas;F50 Elite;Ftwr White/Solar Red/Lucid Blue;New;;173131;Forward;17;134;65
Kucka, Juraj;Slovakia;England;Round of 16;4;40;81;1;0;0;0;1987-02-26;Mizuno;Morelia Neo IV;White/Radiant Red/Hot Coral;New;;69143;Midfielder;19;134;85
Duda, Ondrej;Slovakia;England;Round of 16;4;40;81;1;0;0;0;1994-12-05;adidas;F50 Elite;Ftwr White/Solar Red/Lucid Blue;New;Laceless;139110;Midfielder;8;134;85
Bero, Matús;Slovakia;England;Round of 16;4;40;39;0;1;0;0;1995-09-06;adidas;Predator Elite;Lucid Blue/Ftwr White/Solar Red;New;Laceless;181144;Midfielder;21;134;49
Strelec, David;Slovakia;England;Round of 16;4;40;62;1;0;0;0;2001-04-04;adidas;X Crazyfast+;Solar Red/White/Team Solar Yellow;New;Left leg shoe lace changed;456304;Forward;18;134;66
Skriniar, Milan;Slovakia;England;Round of 16;4;40;120;1;0;0;0;1995-02-11;Puma;Future 7 Ultimate;Sunset Glow/Puma Black/Sun Stream;New;;112065;Defender;14;134;134
Lobotka, Stanislav;Slovakia;England;Round of 16;4;40;120;1;0;0;0;1994-11-25;Nike;Mercurial Vapor XV Elite Nike By You;Whiteout;New;Customised the boot;101820;Midfielder;22;134;134
Gyömbér, Norbert;Slovakia;England;Round of 16;4;40;30;0;1;0;0;1992-07-03;adidas;X Crazyfast.1;Solar Red/White/Team Solar Yellow;New;;108732;Defender;6;134;37
Vavro, Denis;Slovakia;England;Round of 16;4;40;120;1;0;0;0;1996-04-10;Nike;Mercurial Vapor XV Elite;Lemonade/Black;New;;164266;Defender;3;134;134
Dúbravka, Martin;Slovakia;England;Round of 16;4;40;120;1;0;0;0;1989-01-15;Nike;Mercurial Vapor XV Elite;Lemonade/Black;New;;67089;Goalkeeper;1;134;134
Hancko, Dávid;Slovakia;England;Round of 16;4;40;120;1;0;0;0;1997-12-13;Puma;Future 7 Ultimate;Sunset Glow/Puma Black/Sun Stream;New;;235093;Defender;16;134;134
Tupta, Lubomír;Slovakia;England;Round of 16;4;40;11;0;1;0;0;1998-03-27;adidas;F50 Elite;Ftwr White/Solar Red/Lucid Blue;New;;220157;Forward;10;134;14
Bozeník, Róbert;Slovakia;England;Round of 16;4;40;58;0;1;0;0;1999-11-18;Nike;Mercurial Vapor XV Elite;Pink Foam/Black;New;;204694;Forward;9;134;69
Bénes, László;Slovakia;England;Round of 16;4;40;39;0;1;0;0;1997-09-09;Nike;Phantom GX Elite;Hyper Turquoise/Black/Fuchsia Dream/White;New;;203298;Midfielder;11;134;49
Schranz, Ivan;Slovakia;England;Round of 16;4;40;90;1;0;1;0;1993-09-13;adidas;F50 Elite;Ftwr White/Solar Red/Lucid Blue;New;;112201;Forward;26;134;97
Bruno Fernandes;Portugal;Slovenia;Round of 16;4;41;120;1;0;0;0;1994-09-08;Nike;Mercurial Vapor XV Elite;Pink Foam/Black;New;;141746;Midfielder;8;133;133
Rúben Dias;Portugal;Slovenia;Round of 16;4;41;120;1;0;0;0;1997-05-14;Nike;Phantom GX II Elite;Sunset Pulse/Black;New;;171314;Defender;4;133;133
João Cancelo;Portugal;Slovenia;Round of 16;4;41;117;1;0;0;0;1994-05-27;Nike;Mercurial Vapor XV Elite;Pink Foam/Black;New;;121145;Defender;20;133;125
Francisco Conceição;Portugal;Slovenia;Round of 16;4;41;44;0;1;0;0;2002-12-14;adidas;X Crazyfast+;Team Solar Yellow/Core Black/White;New;;465630;Forward;26;133;56
Cristiano Ronaldo;Portugal;Slovenia;Round of 16;4;41;120;1;0;0;0;1985-02-05;Nike;Mercurial Superfly IX Elite;Pink Foam/Black;New;;14937;Forward;7;133;133
Rafael Leão;Portugal;Slovenia;Round of 16;4;41;76;1;0;0;0;1999-06-10;adidas;F50 Elite;Ftwr White/Solar Red/Lucid Blue;New;Laceless;216065;Midfielder;17;133;78
Diogo Jota;Portugal;Slovenia;Round of 16;4;41;55;0;1;0;0;1996-12-04;adidas;Predator Elite Tongue;Lucid Blue/Ftwr White/Solar Red;New;;194634;Forward;21;133;66
Diogo Costa;Portugal;Slovenia;Round of 16;4;41;120;1;0;0;1;1999-09-19;adidas;Predator Elite;Lucid Blue/Ftwr White/Solar Red;New;Laceless;216050;Goalkeeper;22;133;133
Vitinha;Portugal;Slovenia;Round of 16;4;41;65;1;0;0;0;2000-02-13;Nike;Mercurial Vapor XV Elite;Pink Foam/Black;New;Shoe lace removed;437858;Midfielder;23;133;67
Pepe;Portugal;Slovenia;Round of 16;4;41;117;1;0;0;0;1983-02-26;adidas;Predator Elite;Lucid Blue/Ftwr White/Solar Red;New;Laceless;18522;Defender;3;133;125
Bernardo Silva;Portugal;Slovenia;Round of 16;4;41;120;1;0;0;0;1994-08-10;adidas;Copa Pure 2;Ftwr White/Lucid Blue/Solar Red;New;;165809;Midfielder;10;133;133
João Palhinha;Portugal;Slovenia;Round of 16;4;41;120;1;0;0;0;1995-07-09;adidas;Copa Pure 2+;Ftwr White/Lucid Blue/Solar Red;New;;154296;Midfielder;6;133;133
Nélson Semedo;Portugal;Slovenia;Round of 16;4;41;3;0;1;0;0;1993-11-16;Nike;Mercurial Vapor XV Elite;Pink Foam/Black;New;;200402;Defender;2;133;9
Rúben Neves;Portugal;Slovenia;Round of 16;4;41;3;0;1;0;0;1997-03-13;Nike;Tiempo Legend X Elite;Pink Foam/Black;New;;171317;Midfielder;18;133;9
Nuno Mendes;Portugal;Slovenia;Round of 16;4;41;120;1;0;0;0;2002-06-19;adidas;F50 Elite;Ftwr White/Solar Red/Lucid Blue;New;Laceless;465206;Defender;19;133;133
Gnezda Cerin, Adam;Slovenia;Portugal;Round of 16;4;41;120;1;0;0;0;1999-07-16;adidas;Copa Pure 2+;Ftwr White/Lucid Blue/Solar Red;New;;234809;Midfielder;22;133;133
Bijol, Jaka;Slovenia;Portugal;Round of 16;4;41;120;1;0;0;0;1999-02-05;adidas;Predator Elite;Lucid Blue/Ftwr White/Solar Red;New;;434752;Defender;6;133;133
Elsnik, Timi Max;Slovenia;Portugal;Round of 16;4;41;105;1;0;0;0;1998-04-29;Nike;Phantom GX II Elite;Sunset Pulse/Black;New;;207020;Midfielder;10;133;113
Stojanovic, Petar;Slovenia;Portugal;Round of 16;4;41;86;1;0;0;0;1995-10-07;Nike;Mercurial Vapor XIV Elite;Chlorine Blue/Laser Orange/Marina;New;;153814;Midfielder;20;133;89
Balkovec, Jure;Slovenia;Portugal;Round of 16;4;41;120;1;0;0;0;1994-09-09;Nike;Phantom GX Elite;Hyper Turquoise/Black/Fuchsia Dream/White;New;;116546;Defender;3;133;133
Sesko, Benjamin;Slovenia;Portugal;Round of 16;4;41;120;1;0;0;0;2003-05-31;Nike;Mercurial Vapor XV Elite;Pink Foam/Black;New;;485711;Forward;11;133;133
Karnicnik, Zan;Slovenia;Portugal;Round of 16;4;41;120;1;0;0;0;1994-09-18;adidas;F50 Elite;Ftwr White/Solar Red/Lucid Blue;New;;457317;Defender;2;133;133
Mlakar, Jan;Slovenia;Portugal;Round of 16;4;41;74;1;0;0;0;1998-10-23;Nike;Mercurial Vapor XV Elite;Pink Foam/Black;New;;207025;Midfielder;17;133;76
Oblak, Jan;Slovenia;Portugal;Round of 16;4;41;120;1;0;0;0;1993-01-07;Puma;Future 7 Ultimate;Sunset Glow/Puma Black/Sun Stream;New;;81352;Goalkeeper;1;133;133
Gorenc Stankovic, Jon;Slovenia;Portugal;Round of 16;4;41;46;0;1;0;0;1996-01-14;Nike;Tiempo Legend X Elite;Dark Atomic Teal/Sail;New;;192301;Midfielder;5;133;57
Sporar, Andraz;Slovenia;Portugal;Round of 16;4;41;75;1;0;0;0;1994-02-27;Nike;Mercurial Vapor XV Elite;Pink Foam/Black;New;;107798;Forward;9;133;77
Verbic, Benjamin;Slovenia;Portugal;Round of 16;4;41;34;0;1;0;0;1993-11-27;Nike;Mercurial Vapor XV Elite;Pink Foam/Black;New;;112604;Midfielder;7;133;45
Drkusic, Vanja;Slovenia;Portugal;Round of 16;4;41;120;1;0;0;0;1999-10-30;Nike;Tiempo Legend X Elite;Lemonade/Black/Metallic Gold Coin;New;;462097;Defender;21;133;133
Celar, Zan;Slovenia;Portugal;Round of 16;4;41;45;0;1;0;0;1999-03-14;Nike;Mercurial Vapor XV Elite;Pink Foam/Black;New;;429647;Forward;19;133;57
Ilicic, Josip;Slovenia;Portugal;Round of 16;4;41;15;0;1;0;0;1988-01-29;Nike;Mercurial Vapor XV Elite;Pink Foam/Black;New;;55712;Midfielder;26;133;21
Kanté, N'Golo;France;Belgium;Round of 16;4;42;90;1;0;0;0;1991-03-29;adidas;X 18.1;Active Red/Silver Metallic/Bold Blue;New;;116594;Midfielder;13;95;95
Saliba, William;France;Belgium;Round of 16;4;42;90;1;0;0;0;2001-03-24;Nike;Tiempo Legend X Elite;Pink Foam/Black;New;;462424;Defender;17;95;95
Tchouaméni, Aurélien;France;Belgium;Round of 16;4;42;90;1;0;0;0;2000-01-27;Nike;Phantom Luna II Elite;Sunset Pulse/Black;New;;219292;Midfielder;8;95;95
Thuram, Marcus;France;Belgium;Round of 16;4;42;62;1;0;0;0;1997-08-06;Nike;Mercurial Vapor XV Elite;Pink Foam/Black;New;;205880;Forward;15;95;63
Maignan, Mike;France;Belgium;Round of 16;4;42;90;1;0;0;0;1995-07-03;adidas;Predator Elite;Lucid Blue/Ftwr White/Solar Red;New;;129487;Goalkeeper;16;95;95
Koundé, Jules;France;Belgium;Round of 16;4;42;90;1;0;0;1;1998-11-12;adidas;Predator Elite Tongue;Lucid Blue/Ftwr White/Solar Red;New;;220325;Defender;5;95;95
Kolo Muani, Randal;France;Belgium;Round of 16;4;42;28;0;1;0;0;1998-12-05;adidas;Predator Elite;Lucid Blue/Ftwr White/Solar Red;New;Laceless;247693;Forward;12;95;32
Upamecano, Dayot;France;Belgium;Round of 16;4;42;90;1;0;0;0;1998-10-27;Nike;Phantom Luna II Elite;White/Black/Metallic Gold Coin;New;;199661;Defender;4;95;95
Griezmann, Antoine;France;Belgium;Round of 16;4;42;90;1;0;0;0;1991-03-21;Puma;Ultra Ultimate;Sun Stream/Puma Black/Sunset Glow;New;;76650;Forward;7;95;95
Rabiot, Adrien;France;Belgium;Round of 16;4;42;90;1;0;0;0;1995-04-03;Nike;Phantom GX II Elite;Sunset Pulse/Black;New;;120743;Midfielder;14;95;95
Mbappé, Kylian;France;Belgium;Round of 16;4;42;90;1;0;0;0;1998-12-20;Nike;Mercurial Superfly X Elite;White/Racer Blue;New;;220160;Forward;10;95;95
Hernández, Théo;France;Belgium;Round of 16;4;42;90;1;0;0;0;1997-10-06;Puma;Ultra Ultimate;Sun Stream/Puma Black/Sunset Glow;New;;222784;Defender;22;95;95
Openda, Loïs;Belgium;France;Round of 16;4;42;63;1;0;0;0;2000-02-16;adidas;Predator Elite;Lucid Blue/Ftwr White/Solar Red;New;Laceless;235084;Forward;20;95;64
Onana, Amadou;Belgium;France;Round of 16;4;42;90;1;0;0;0;2001-08-16;adidas;Copa Pure 2+;Ftwr White/Lucid Blue/Solar Red;New;;449871;Midfielder;24;95;95
Theate, Arthur;Belgium;France;Round of 16;4;42;90;1;0;0;0;2000-05-25;Puma;Future 7 Ultimate;Sunset Glow/Puma Black/Sun Stream;New;;465189;Defender;3;95;95
Doku, Jérémy;Belgium;France;Round of 16;4;42;90;1;0;0;0;2002-05-27;Nike;Mercurial Vapor XV Elite;Pink Foam/Black;New;;248875;Midfielder;22;95;95
Carrasco, Yannick;Belgium;France;Round of 16;4;42;88;1;0;0;0;1993-09-04;Nike;Mercurial Vapor XV Elite;Pink Foam/Black;New;;119718;Midfielder;11;95;89
Lukaku, Romelu;Belgium;France;Round of 16;4;42;90;1;0;0;0;1993-05-13;Nike;Mercurial Vapor XV Elite;Lemonade/Black;New;;66749;Forward;10;95;95
Mangala, Orel;Belgium;France;Round of 16;4;42;27;0;1;0;0;1998-03-18;adidas;Copa Pure 2+;Ftwr White/Lucid Blue/Solar Red;New;;179519;Midfielder;18;95;31
Casteels, Koen;Belgium;France;Round of 16;4;42;90;1;0;0;0;1992-06-25;Nike;Tiempo Legend X Elite;White/Black/Bright Crimson;New;;66763;Goalkeeper;1;95;95
De Bruyne, Kevin;Belgium;France;Round of 16;4;42;90;1;0;0;0;1991-06-28;Nike;Phantom Luna II Elite;Sunset Pulse/Black;New;;61366;Midfielder;7;95;95
Vertonghen, Jan;Belgium;France;Round of 16;4;42;90;1;0;OG;0;1987-04-24;Nike;Tiempo Legend X Elite;Pink Foam/Black;New;;39194;Defender;5;95;95
De Ketelaere, Charles;Belgium;France;Round of 16;4;42;2;0;1;0;0;2001-03-10;adidas;F50 Elite;Ftwr White/Solar Red/Lucid Blue;New;Laceless;465716;Forward;17;95;6
Castagne, Timothy;Belgium;France;Round of 16;4;42;88;1;0;0;0;1995-12-05;adidas;Predator Elite;Lucid Blue/Ftwr White/Solar Red;New;;166477;Defender;21;95;89
Faes, Wout;Belgium;France;Round of 16;4;42;90;1;0;0;0;1998-04-03;adidas;Predator Elite;Lucid Blue/Ftwr White/Solar Red;New;;218218;Defender;4;95;95
Lukébakio, Dodi;Belgium;France;Round of 16;4;42;2;0;1;0;0;1997-09-24;Nike;Mercurial Vapor XV Elite;Pink Foam/Black;New;;219002;Forward;14;95;6
Man, Dennis;Romania;Netherlands;Round of 16;4;43;90;1;0;0;0;1998-08-26;Puma;Ultra Ultimate;Sun Stream/Puma Black/Sunset Glow;New;;235905;Midfielder;20;99;99
Stanciu, Nicolae;Romania;Netherlands;Round of 16;4;43;88;1;0;0;0;1993-05-07;Nike;Phantom GT II Elite;Glacier Ice/Black/Yellow Strike;New;;83289;Midfielder;21;99;92
Marius Marin;Romania;Netherlands;Round of 16;4;43;72;1;0;0;0;1998-08-30;adidas;F50 Elite;Ftwr White/Solar Red/Lucid Blue;New;Laceless;243783;Midfielder;6;99;75
Nita, Florin;Romania;Netherlands;Round of 16;4;43;90;1;0;0;0;1987-07-03;Joma;Propulsion Cup 23;White/Black;New;Shoe ankle removed;101542;Goalkeeper;1;99;99
Dragusin, Radu;Romania;Netherlands;Round of 16;4;43;90;1;0;0;0;2002-02-03;Nike;Mercurial Vapor XV Elite;Lemonade/Black;New;;493125;Defender;3;99;99
Razvan Marin;Romania;Netherlands;Round of 16;4;43;90;1;0;0;0;1996-05-23;Nike;Tiempo Legend X Elite;Pink Foam/Black;New;;163632;Midfielder;18;99;99
Olaru, Darius;Romania;Netherlands;Round of 16;4;43;2;0;1;0;0;1998-03-03;Nike;Mercurial Vapor XIII Elite;White/White/Black;New;;230144;Midfielder;14;99;7
Mihaila, Valentin;Romania;Netherlands;Round of 16;4;43;18;0;1;0;0;2000-02-02;Nike;Mercurial Vapor XV Elite;Pink Foam/Black;New;;439185;Midfielder;13;99;23
Dragus, Denis;Romania;Netherlands;Round of 16;4;43;72;1;0;0;0;1999-07-06;Nike;Mercurial Superfly IX Elite;Pink Foam/Black;New;;219348;Forward;19;99;76
Cicâldau, Alexandru;Romania;Netherlands;Round of 16;4;43;18;0;1;0;0;1997-07-08;Nike;Mercurial Vapor XV Elite;Pink Foam/Black;New;;223239;Midfielder;8;99;24
Racovitan, Bogdan;Romania;Netherlands;Round of 16;4;43;52;0;1;0;0;2000-06-06;adidas;Copa Pure 2+;Shadow Red/White/Team Solar Yellow;New;;512111;Defender;24;99;106
Ratiu, Andrei;Romania;Netherlands;Round of 16;4;43;90;1;0;0;0;1998-06-20;Nike;Mercurial Vapor XV Elite;Atmosphere Grey/Black;New;;466543;Defender;2;99;99
Alibec, Denis;Romania;Netherlands;Round of 16;4;43;18;0;1;0;0;1991-01-05;Nike;Mercurial Superfly IX Elite;Pink Foam/Black;New;;80468;Forward;7;99;24
Mogos, Vasile;Romania;Netherlands;Round of 16;4;43;38;1;0;0;0;1992-10-31;Nike;Mercurial Vapor XV Elite;Pink Blast/Volt/Gridiron;New;;213365;Defender;22;99;-7
Hagi, Ianis;Romania;Netherlands;Round of 16;4;43;72;1;0;0;0;1998-10-22;Nike;Mercurial Vapor XV Elite;Pink Foam/Black;New;;194605;Midfielder;10;99;75
Burca, Andrei;Romania;Netherlands;Round of 16;4;43;90;1;0;0;0;1993-04-15;Nike;Tiempo Legend IX Elite;Space Purple/White/Off Noir/Pink Blast;New;;234269;Defender;15;99;99
Blind, Daley;Netherlands;Romania;Round of 16;4;43;1;0;1;0;0;1990-03-09;adidas;Predator Elite Tongue;Lucid Blue/Ftwr White/Solar Red;New;;58877;Defender;17;99;4
van de Ven, Micky;Netherlands;Romania;Round of 16;4;43;21;0;1;0;0;2001-04-19;Nike;Mercurial Vapor XV Elite;Pink Foam/Black;New;;491279;Defender;15;99;27
Weghorst, Wout;Netherlands;Romania;Round of 16;4;43;6;0;1;0;0;1992-08-07;adidas;X Crazyfast+;Solar Red/White/Team Solar Yellow;New;;120202;Forward;9;99;11
van Dijk, Virgil;Netherlands;Romania;Round of 16;4;43;90;1;0;0;0;1991-07-08;Nike;Tiempo Legend X Elite;Pink Foam/Black;New;;97032;Defender;4;99;99
Aké, Nathan;Netherlands;Romania;Round of 16;4;43;69;1;0;0;0;1995-02-18;Nike;Phantom Luna II Elite;Sunset Pulse/Black;New;;126184;Defender;5;99;72
Depay, Memphis;Netherlands;Romania;Round of 16;4;43;89;1;0;0;0;1994-02-13;Puma;Ultra 5 Carbon;Lapis Lazuli/Puma White/Sunset Glow;New;;106824;Forward;10;99;95
de Vrij, Stefan;Netherlands;Romania;Round of 16;4;43;90;1;0;0;0;1992-02-05;Nike;Tiempo Legend X Elite;Lemonade/Black/Metallic Gold Coin;New;;78140;Defender;6;99;99
Bergwijn, Steven;Netherlands;Romania;Round of 16;4;43;45;1;0;0;0;1997-10-08;Nike;Mercurial Superfly IX Elite;Sail/Racer Blue;New;;194252;Midfielder;25;99;49
Simons, Xavi;Netherlands;Romania;Round of 16;4;43;90;1;0;0;0;2003-04-21;Puma;King Ultimate;Sun Stream/Puma Black/Sunset Glow;New;;493362;Midfielder;7;99;99
Malen, Donyell;Netherlands;Romania;Round of 16;4;43;45;0;1;2;0;1999-01-19;adidas;F50 Elite;Ftwr White/Solar Red/Lucid Blue;New;;204646;Forward;18;99;50
Dumfries, Denzel;Netherlands;Romania;Round of 16;4;43;90;1;0;0;0;1996-04-18;adidas;F50 Elite;Ftwr White/Solar Red/Lucid Blue;New;;199432;Defender;22;99;99
Reijnders, Tijjani;Netherlands;Romania;Round of 16;4;43;90;1;0;0;0;1998-07-29;Mizuno;Alpha;Black/Ignition Red;New;Colored the boot;433036;Midfielder;14;99;99
Veerman, Joey;Netherlands;Romania;Round of 16;4;43;21;0;1;0;0;1998-11-19;adidas;Predator Elite Tongue;Lucid Blue/Ftwr White/Solar Red;New;;231653;Midfielder;16;99;27
Schouten, Jerdy;Netherlands;Romania;Round of 16;4;43;69;1;0;0;0;1997-01-12;adidas;X 19.1;White/Core Black/Shock Pink;New;;230152;Midfielder;24;99;72
Gakpo, Cody;Netherlands;Romania;Round of 16;4;43;84;1;0;1;1;1999-05-07;Puma;Ultra 5 Carbon;Lapis Lazuli/Puma White/Sunset Glow;New;;243298;Midfielder;11;99;88
Verbruggen, Bart;Netherlands;Romania;Round of 16;4;43;90;1;0;0;0;2002-08-18;adidas;Predator Elite;Lucid Blue/Ftwr White/Solar Red;New;;489639;Goalkeeper;1;99;99
Grillitsch, Florian;Austria;Türkiye;Round of 16;4;44;26;0;1;0;0;1995-08-07;adidas;Predator Elite;Lucid Blue/Ftwr White/Solar Red;New;Laceless;210159;Midfielder;10;97;32
Schmid, Romano;Austria;Türkiye;Round of 16;4;44;45;1;0;0;0;2000-01-27;adidas;F50 Elite;Ftwr White/Solar Red/Lucid Blue;New;;228564;Midfielder;18;97;47
Prass, Alexander;Austria;Türkiye;Round of 16;4;44;45;0;1;0;0;2001-05-26;adidas;F50 Elite;Ftwr White/Solar Red/Lucid Blue;New;;442305;Midfielder;8;97;51
Pentz, Patrick;Austria;Türkiye;Round of 16;4;44;90;1;0;0;0;1997-01-02;Nike;Mercurial Vapor XV Elite;Pink Foam/Black;New;;208766;Goalkeeper;13;97;97
Seiwald, Nicolas;Austria;Türkiye;Round of 16;4;44;90;1;0;0;0;2001-05-04;Nike;Phantom GX II Elite;Sunset Pulse/Black;New;;478196;Midfielder;6;97;97
Sabitzer, Marcel;Austria;Türkiye;Round of 16;4;44;90;1;0;0;0;1994-03-17;Nike;Mercurial Superfly IX Elite;White/Black/Metallic Gold;New;;101338;Midfielder;9;97;97
Danso, Kevin;Austria;Türkiye;Round of 16;4;44;90;1;0;0;0;1998-09-19;Puma;Future 7 Ultimate;Sunset Glow/Puma Black/Sun Stream;New;;135720;Defender;4;97;97
Mwene, Phillipp;Austria;Türkiye;Round of 16;4;44;45;1;0;0;0;1994-01-29;adidas;F50 Elite;Ftwr White/Solar Red/Lucid Blue;New;Laceless;160158;Defender;16;97;47
Laimer, Konrad;Austria;Türkiye;Round of 16;4;44;64;1;0;0;0;1997-05-27;adidas;F50 Elite;Ftwr White/Solar Red/Lucid Blue;New;;109126;Midfielder;20;97;66
Baumgartner, Christoph;Austria;Türkiye;Round of 16;4;44;90;1;0;0;0;1999-08-01;adidas;F50 Elite;Ftwr White/Solar Red/Lucid Blue;New;;454831;Midfielder;19;97;97
Gregoritsch, Michael;Austria;Türkiye;Round of 16;4;44;45;0;1;1;0;1994-04-18;adidas;Predator Elite;Lucid Blue/Ftwr White/Solar Red;New;;62480;Forward;11;97;51
Posch, Stefan;Austria;Türkiye;Round of 16;4;44;90;1;0;0;0;1997-05-14;adidas;F50 Elite;Ftwr White/Solar Red/Lucid Blue;New;;191803;Defender;5;97;97
Arnautovic, Marko;Austria;Türkiye;Round of 16;4;44;90;1;0;0;0;1989-04-19;Puma;Future 7 Ultimate;Sunset Glow/Puma Black/Sun Stream;New;;41464;Forward;7;97;97
Wöber, Max;Austria;Türkiye;Round of 16;4;44;26;0;1;0;0;1998-02-04;adidas;Copa Pure 2;Ftwr White/Lucid Blue/Solar Red;New;;220087;Defender;2;97;32
Lienhart, Philipp;Austria;Türkiye;Round of 16;4;44;64;1;0;0;0;1996-07-11;Puma;Future 7 Ultimate;Puma White/Puma Black/Poison Pink;New;;199245;Defender;15;97;66
Kadioglu, Ferdi;Türkiye;Austria;Round of 16;4;44;90;1;0;0;0;1999-10-07;Nike;Mercurial Vapor XV Elite;Pink Foam/Black;New;;231416;Midfielder;20;97;97
Kahveci, Irfan Can;Türkiye;Austria;Round of 16;4;44;7;0;1;0;0;1995-07-15;Puma;King Ultimate;Sun Stream/Puma Black/Sunset Glow;New;;195782;Midfielder;17;97;13
Yokuslu, Okay;Türkiye;Austria;Round of 16;4;44;12;0;1;0;0;1994-03-09;adidas;Predator Elite;Lucid Blue/Ftwr White/Solar Red;New;;101394;Midfielder;5;97;18
Özcan, Salih;Türkiye;Austria;Round of 16;4;44;32;0;1;0;0;1998-01-11;adidas;Predator Elite;Lucid Blue/Ftwr White/Solar Red;New;Laceless;204581;Midfielder;15;97;38
Günok, Mert;Türkiye;Austria;Round of 16;4;44;90;1;0;0;0;1989-03-01;Puma;King Ultimate;Sun Stream/Puma Black/Sunset Glow;New;;56077;Goalkeeper;1;97;97
Kökçü, Orkun;Türkiye;Austria;Round of 16;4;44;83;1;0;0;0;2000-12-29;Nike;Phantom GX II Elite;Sunset Pulse/Black;New;;247962;Midfielder;6;97;84
Aktürkoglu, Kerem;Türkiye;Austria;Round of 16;4;44;12;0;1;0;0;1998-10-21;Nike;Phantom GX II Elite;Sunset Pulse/Black;New;;498572;Forward;7;97;18
Ayhan, Kaan;Türkiye;Austria;Round of 16;4;44;90;1;0;0;0;1994-11-10;Nike;Mercurial Superfly IX Elite;Pink Foam/Black;New;;159522;Defender;22;97;97
Güler, Arda;Türkiye;Austria;Round of 16;4;44;78;1;0;0;0;2005-02-25;Nike;Mercurial Vapor XV Elite;Pink Blast/Volt/Gridiron;New;;520250;Forward;8;97;79
Müldür, Mert;Türkiye;Austria;Round of 16;4;44;90;1;0;0;0;1999-04-03;Nike;Mercurial Vapor XV Elite;White/Baltic Blue/Pink Blast/Indigo Haze;New;;224990;Midfielder;18;97;97
Demiral, Merih;Türkiye;Austria;Round of 16;4;44;90;1;0;2;1;1998-03-05;Nike;Tiempo Legend X Elite;Pink Foam/Black;New;;439128;Defender;3;97;97
Yilmaz, Baris Alper;Türkiye;Austria;Round of 16;4;44;90;1;0;0;0;2000-05-23;Nike;Mercurial Superfly IX Elite;Hyper Turquoise/Fuchsia Dream/Black/White;New;;514355;Forward;21;97;97
Bardakci, Abdülkerim;Türkiye;Austria;Round of 16;4;44;90;1;0;0;0;1994-09-07;Nike;Mercurial Vapor XI;Total Crimson/Volt/Pink Blast;Old;;166050;Defender;14;97;97
Yüksek, Ismail;Türkiye;Austria;Round of 16;4;44;58;1;0;0;0;1999-01-26;Nike;Phantom Luna II Elite;Sunset Pulse/Black;New;;511530;Midfielder;16;97;59
Yildiz, Kenan;Türkiye;Austria;Round of 16;4;44;78;1;0;0;0;2005-05-04;adidas;F50 Elite;Ftwr White/Solar Red/Lucid Blue;New;;547103;Forward;19;97;79
Le Normand, Robin;Spain;Germany;Quarter-Finals;5;45;45;1;0;0;0;1996-11-11;adidas;F50 Elite;Ftwr White/Solar Red/Lucid Blue;New;Laceless;224919;Defender;3;134;48
Simón, Unai;Spain;Germany;Quarter-Finals;5;45;120;1;0;0;0;1997-06-11;adidas;Copa Pure 2+;Ftwr White/Lucid Blue/Solar Red;New;;212769;Goalkeeper;23;134;134
Joselu;Spain;Germany;Quarter-Finals;5;45;18;0;1;0;0;1990-03-27;adidas;F50 Elite;Ftwr White/Solar Red/Lucid Blue;New;Laceless;61316;Forward;9;134;26
Oyarzabal, Mikel;Spain;Germany;Quarter-Finals;5;45;40;0;1;0;0;1997-04-21;Nike;Mercurial Vapor XV Elite;Pink Foam/Black;New;;219000;Forward;21;134;53
Williams, Nico;Spain;Germany;Quarter-Finals;5;45;80;1;0;0;0;2002-07-12;Nike;Mercurial Vapor XV Elite;White/Bright Crimson/Black;New;Colored the logo;523654;Forward;17;134;82
Morata, Álvaro;Spain;Germany;Quarter-Finals;5;45;80;1;0;0;0;1992-10-23;adidas;F50 Elite;Ftwr White/Solar Red/Lucid Blue;New;;88482;Forward;7;134;82
Cucurella, Marc;Spain;Germany;Quarter-Finals;5;45;120;1;0;0;0;1998-07-22;Puma;Future 7 Ultimate;Sunset Glow/Puma Black/Sun Stream;New;;179268;Defender;24;134;134
Carvajal, Dani;Spain;Germany;Quarter-Finals;5;45;119;1;0;0;0;1992-01-11;Puma;Future 7 Ultimate;Sunset Glow/Puma Black/Sun Stream;New;;88483;Defender;2;134;133
Lamine Yamal;Spain;Germany;Quarter-Finals;5;45;63;1;0;0;0;2007-07-13;adidas;F50 Elite;Ftwr White/Solar Red/Lucid Blue;New;Laceless;593109;Forward;19;134;65
Laporte, Aymeric;Spain;Germany;Quarter-Finals;5;45;120;1;0;0;0;1994-05-27;adidas;Predator Elite;Lucid Blue/Ftwr White/Solar Red;New;;146941;Defender;14;134;134
Rodri;Spain;Germany;Quarter-Finals;5;45;120;1;0;0;0;1996-06-22;Nike;Phantom Luna II Elite;Sunset Pulse/Black;New;;220566;Midfielder;16;134;134
Merino, Mikel;Spain;Germany;Quarter-Finals;5;45;40;0;1;1;0;1996-06-22;adidas;Predator Elite;Lucid Blue/Ftwr White/Solar Red;New;Laceless;195384;Midfielder;6;134;53
Pedri;Spain;Germany;Quarter-Finals;5;45;8;1;0;0;0;2002-11-25;adidas;Predator Elite Tongue;Lucid Blue/Ftwr White/Solar Red;New;;490541;Midfielder;20;134;-97
Ruiz, Fabián;Spain;Germany;Quarter-Finals;5;45;102;1;0;0;0;1996-04-03;adidas;Copa Pure 2;Ftwr White/Lucid Blue/Solar Red;New;;201379;Midfielder;8;134;109
Torres, Ferran;Spain;Germany;Quarter-Finals;5;45;57;0;1;0;0;2000-02-29;adidas;F50 Elite;Ftwr White/Solar Red/Lucid Blue;New;Laceless;224444;Forward;11;134;69
Nacho;Spain;Germany;Quarter-Finals;5;45;75;0;1;0;0;1990-01-18;adidas;Predator Elite Tongue;Lucid Blue/Ftwr White/Solar Red;New;;88477;Defender;4;134;87
Olmo, Dani;Spain;Germany;Quarter-Finals;5;45;112;0;1;1;1;1998-05-07;adidas;F50 Elite;Ftwr White/Solar Red/Lucid Blue;New;;179370;Forward;10;134;231
Musiala, Jamal;Germany;Spain;Quarter-Finals;5;45;120;1;0;0;0;2003-02-26;Nike;Tiempo Legend X Elite;Pink Foam/Black;New;;244857;Midfielder;10;134;134
Neuer, Manuel;Germany;Spain;Quarter-Finals;5;45;120;1;0;0;0;1986-03-27;adidas;Copa Pure 2;Ftwr White/Lucid Blue/Solar Red;New;;20388;Goalkeeper;1;134;134
Rüdiger, Antonio;Germany;Spain;Quarter-Finals;5;45;120;1;0;0;0;1993-03-03;Under Armour;Clone Magnetico Elite 3.0;Black;New;Customised the boot;102380;Defender;2;134;134
Füllkrug, Niclas;Germany;Spain;Quarter-Finals;5;45;63;0;1;0;0;1993-02-09;Nike;Mercurial Vapor XV Elite;Pink Foam/Black;New;;91889;Forward;9;134;75
Sané, Leroy;Germany;Spain;Quarter-Finals;5;45;45;1;0;0;0;1996-01-11;Nike;Mercurial Vapor XV Elite;Pink Foam/Black;New;;182156;Midfielder;19;134;48
Raum, David;Germany;Spain;Quarter-Finals;5;45;57;1;0;0;0;1998-04-22;Nike;Mercurial Superfly IX Elite;Pink Foam/Black;New;;243309;Defender;3;134;59
Andrich, Robert;Germany;Spain;Quarter-Finals;5;45;75;0;1;0;0;1994-09-22;Puma;Ultra Ultimate;Sun Stream/Puma Black/Sunset Glow;New;;147488;Midfielder;23;134;87
Gündogan, Ilkay;Germany;Spain;Quarter-Finals;5;45;57;1;0;0;0;1990-10-24;adidas;Predator Elite;Lucid Blue/Ftwr White/Solar Red;New;;59859;Midfielder;21;134;59
Mittelstädt, Maximilian;Germany;Spain;Quarter-Finals;5;45;63;0;1;0;0;1997-03-18;Nike;Mercurial Vapor XV Elite;Pink Foam/Black;New;;204335;Defender;18;134;75
Havertz, Kai;Germany;Spain;Quarter-Finals;5;45;90;1;0;0;0;1999-06-11;Puma;Future 7 Ultimate;Sunset Glow/Puma Black/Sun Stream;New;;219847;Forward;7;134;97
Müller, Thomas;Germany;Spain;Quarter-Finals;5;45;40;0;1;0;0;1989-09-13;adidas;F50 Elite;Ftwr White/Solar Red/Lucid Blue;New;;55634;Forward;13;134;52
Anton, Waldemar;Germany;Spain;Quarter-Finals;5;45;30;0;1;0;0;1996-07-20;adidas;F50 Elite;Ftwr White/Solar Red/Lucid Blue;New;;212509;Defender;16;134;38
Can, Emre;Germany;Spain;Quarter-Finals;5;45;45;1;0;0;0;1994-01-12;Nike;Mercurial Superfly IX Elite;Lemonade/Black;New;;112338;Midfielder;25;134;48
Wirtz, Florian;Germany;Spain;Quarter-Finals;5;45;75;0;1;1;0;2003-05-03;adidas;F50 Elite;Ftwr White/Solar Red/Lucid Blue;New;;494595;Midfielder;17;134;87
Tah, Jonathan;Germany;Spain;Quarter-Finals;5;45;80;1;0;0;0;1996-02-11;adidas;Copa Pure 2;Ftwr White/Lucid Blue/Solar Red;New;;164454;Defender;4;134;82
Kimmich, Joshua;Germany;Spain;Quarter-Finals;5;45;120;1;0;0;0;1995-02-08;Nike;Mercurial Vapor XV Elite;Pink Foam/Black;New;;165687;Defender;6;134;134
Kroos, Toni;Germany;Spain;Quarter-Finals;5;45;120;1;0;0;0;1990-01-04;adidas;adiPure 11Pro;Cloud White/Core Black/Gold Metallic;New;;44989;Midfielder;8;134;134
Rafael Leão;Portugal;France;Quarter-Finals;5;46;105;1;0;0;0;1999-06-10;adidas;F50 Elite;Ftwr White/Solar Red/Lucid Blue;New;Laceless;216065;Midfielder;17;132;109
Pepe;Portugal;France;Quarter-Finals;5;46;120;1;0;0;0;1983-02-26;adidas;Predator Elite;Lucid Blue/Ftwr White/Solar Red;New;Laceless;18522;Defender;3;132;132
João Félix;Portugal;France;Quarter-Finals;5;46;15;0;1;0;0;1999-11-10;adidas;F50 Elite;Ftwr White/Solar Red/Lucid Blue;New;;428399;Forward;11;132;24
Matheus Nunes;Portugal;France;Quarter-Finals;5;46;1;0;1;0;0;1998-08-27;adidas;Copa Pure 2+;Ftwr White/Lucid Blue/Solar Red;New;;465351;Midfielder;16;132;10
Cristiano Ronaldo;Portugal;France;Quarter-Finals;5;46;120;1;0;0;0;1985-02-05;Nike;Mercurial Superfly IX Elite;Pink Foam/Black;New;;14937;Forward;7;132;132
Nélson Semedo;Portugal;France;Quarter-Finals;5;46;46;0;1;0;0;1993-11-16;Nike;Mercurial Vapor XV Elite;Pink Foam/Black;New;;200402;Defender;2;132;58
João Cancelo;Portugal;France;Quarter-Finals;5;46;74;1;0;0;0;1994-05-27;Nike;Mercurial Vapor XV Elite;Pink Foam/Black;New;;121145;Defender;20;132;74
Bruno Fernandes;Portugal;France;Quarter-Finals;5;46;74;1;0;0;0;1994-09-08;Nike;Mercurial Vapor XV Elite;Pink Foam/Black;New;;141746;Midfielder;8;132;75
Bernardo Silva;Portugal;France;Quarter-Finals;5;46;120;1;0;0;0;1994-08-10;adidas;Copa Pure 2;Ftwr White/Lucid Blue/Solar Red;New;;165809;Midfielder;10;132;132
Rúben Dias;Portugal;France;Quarter-Finals;5;46;120;1;0;0;0;1997-05-14;Nike;Phantom GX II Elite;Sunset Pulse/Black;New;;171314;Defender;4;132;132
Francisco Conceição;Portugal;France;Quarter-Finals;5;46;46;0;1;0;0;2002-12-14;adidas;X Crazyfast+;Team Solar Yellow/Core Black/White;New;;465630;Forward;26;132;58
Nuno Mendes;Portugal;France;Quarter-Finals;5;46;120;1;0;0;0;2002-06-19;adidas;F50 Elite;Ftwr White/Solar Red/Lucid Blue;New;Laceless;465206;Defender;19;132;132
Diogo Costa;Portugal;France;Quarter-Finals;5;46;120;1;0;0;0;1999-09-19;adidas;Predator Elite;Lucid Blue/Ftwr White/Solar Red;New;Laceless;216050;Goalkeeper;22;132;132
João Palhinha;Portugal;France;Quarter-Finals;5;46;90;1;0;0;0;1995-07-09;adidas;Copa Pure 2+;Ftwr White/Lucid Blue/Solar Red;New;;154296;Midfielder;6;132;92
Vitinha;Portugal;France;Quarter-Finals;5;46;119;1;0;0;0;2000-02-13;Nike;Mercurial Vapor XV Elite;Pink Foam/Black;New;Shoe lace removed;437858;Midfielder;23;132;122
Rúben Neves;Portugal;France;Quarter-Finals;5;46;30;0;1;0;0;1997-03-13;Nike;Tiempo Legend X Elite;Pink Foam/Black;New;;171317;Midfielder;18;132;40
Kanté, N'Golo;France;Portugal;Quarter-Finals;5;46;120;1;0;0;0;1991-03-29;adidas;X 18.1;Active Red/Silver Metallic/Bold Blue;New;;116594;Midfielder;13;132;132
Tchouaméni, Aurélien;France;Portugal;Quarter-Finals;5;46;120;1;0;0;0;2000-01-27;Nike;Phantom Luna II Elite;Sunset Pulse/Black;New;;219292;Midfielder;8;132;132
Koundé, Jules;France;Portugal;Quarter-Finals;5;46;120;1;0;0;0;1998-11-12;adidas;Predator Elite Tongue;Lucid Blue/Ftwr White/Solar Red;New;;220325;Defender;5;132;132
Saliba, William;France;Portugal;Quarter-Finals;5;46;120;1;0;0;0;2001-03-24;Nike;Tiempo Legend X Elite;Pink Foam/Black;New;;462424;Defender;17;132;132
Thuram, Marcus;France;Portugal;Quarter-Finals;5;46;34;0;1;0;0;1997-08-06;Nike;Mercurial Vapor XV Elite;Pink Foam/Black;New;;205880;Forward;15;132;46
Maignan, Mike;France;Portugal;Quarter-Finals;5;46;120;1;0;0;0;1995-07-03;adidas;Predator Elite;Lucid Blue/Ftwr White/Solar Red;New;;129487;Goalkeeper;16;132;132
Dembélé, Ousmane;France;Portugal;Quarter-Finals;5;46;53;0;1;0;1;1997-05-15;adidas;F50 Elite;Ftwr White/Solar Red/Lucid Blue;New;Laceless;219438;Forward;11;132;66
Upamecano, Dayot;France;Portugal;Quarter-Finals;5;46;120;1;0;0;0;1998-10-27;Nike;Phantom Luna II Elite;White/Black/Metallic Gold Coin;New;;199661;Defender;4;132;132
Barcola, Bradley;France;Portugal;Quarter-Finals;5;46;15;0;1;0;0;2002-09-02;adidas;F50 Elite;Ftwr White/Solar Red/Lucid Blue;New;Laceless;482616;Forward;25;132;24
Griezmann, Antoine;France;Portugal;Quarter-Finals;5;46;67;1;0;0;0;1991-03-21;Puma;Ultra 5 Carbon;Lapis Lazuli/Puma White/Sunset Glow;New;;76650;Midfielder;7;132;67
Fofana, Youssouf;France;Portugal;Quarter-Finals;5;46;30;0;1;0;0;1999-01-10;adidas;Predator Elite;Lucid Blue/Ftwr White/Solar Red;New;Laceless;461913;Midfielder;19;132;39
Kolo Muani, Randal;France;Portugal;Quarter-Finals;5;46;86;1;0;0;0;1998-12-05;adidas;Predator Elite;Lucid Blue/Ftwr White/Solar Red;New;Laceless;247693;Forward;12;132;86
Hernández, Théo;France;Portugal;Quarter-Finals;5;46;120;1;0;0;0;1997-10-06;Puma;Ultra 5 Carbon;Lapis Lazuli/Puma White/Sunset Glow;New;Switched to Puma Ultra Ultimate (Sun Stream/Puma Black/Sunset Glow) after FT;222784;Defender;22;132;132
Mbappé, Kylian;France;Portugal;Quarter-Finals;5;46;105;1;0;0;0;1998-12-20;Nike;Mercurial Superfly X Elite;White/Racer Blue;New;;220160;Forward;10;132;109
Camavinga, Eduardo;France;Portugal;Quarter-Finals;5;46;90;1;0;0;0;2002-11-10;Nike;Phantom GX II Elite;Sunset Pulse/Black;New;;475561;Midfielder;6;132;94
Frimpong, Jeremie;Netherlands;Türkiye;Quarter-Finals;5;47;3;0;1;0;0;2000-12-10;Puma;Ultra 5 Carbon;Lapis Lazuli/Puma White/Sunset Glow;New;;216094;Defender;12;99;10
Schouten, Jerdy;Netherlands;Türkiye;Quarter-Finals;5;47;90;1;0;0;0;1997-01-12;adidas;X 19.1;White/Core Black/Shock Pink;New;;230152;Midfielder;24;99;99
Verbruggen, Bart;Netherlands;Türkiye;Quarter-Finals;5;47;90;1;0;0;0;2002-08-18;adidas;Predator Elite;Lucid Blue/Ftwr White/Solar Red;New;;489639;Goalkeeper;1;99;99
Veerman, Joey;Netherlands;Türkiye;Quarter-Finals;5;47;17;0;1;0;0;1998-11-19;adidas;Predator Elite Tongue;Lucid Blue/Ftwr White/Solar Red;New;;231653;Midfielder;16;99;24
Reijnders, Tijjani;Netherlands;Türkiye;Quarter-Finals;5;47;73;1;0;0;0;1998-07-29;Mizuno;Alpha;Black/Ignition Red;New;Colored the boot;433036;Midfielder;14;99;75
Dumfries, Denzel;Netherlands;Türkiye;Quarter-Finals;5;47;90;1;0;0;0;1996-04-18;adidas;F50 Elite;Ftwr White/Solar Red/Lucid Blue;New;;199432;Defender;22;99;99
Bergwijn, Steven;Netherlands;Türkiye;Quarter-Finals;5;47;45;1;0;0;0;1997-10-08;Nike;Mercurial Superfly IX Elite;Sail/Racer Blue;New;;194252;Midfielder;25;99;47
Aké, Nathan;Netherlands;Türkiye;Quarter-Finals;5;47;73;1;0;0;0;1995-02-18;Nike;Phantom Luna II Elite;Sunset Pulse/Black;New;;126184;Defender;5;99;75
Gakpo, Cody;Netherlands;Türkiye;Quarter-Finals;5;47;90;1;0;0;0;1999-05-07;Puma;Ultra 5 Carbon;Lapis Lazuli/Puma White/Sunset Glow;New;;243298;Midfielder;11;99;99
van de Ven, Micky;Netherlands;Türkiye;Quarter-Finals;5;47;17;0;1;0;0;2001-04-19;Nike;Mercurial Vapor XV Elite;Pink Foam/Black;New;;491279;Defender;15;99;24
van Dijk, Virgil;Netherlands;Türkiye;Quarter-Finals;5;47;90;1;0;0;0;1991-07-08;Nike;Tiempo Legend X Elite;Pink Foam/Black;New;;97032;Defender;4;99;99
de Vrij, Stefan;Netherlands;Türkiye;Quarter-Finals;5;47;90;1;0;1;1;1992-02-05;Nike;Tiempo Legend X Elite;Lemonade/Black/Metallic Gold Coin;New;;78140;Defender;6;99;99
Depay, Memphis;Netherlands;Türkiye;Quarter-Finals;5;47;87;1;0;0;0;1994-02-13;Puma;Ultra 5 Carbon;Lapis Lazuli/Puma White/Sunset Glow;New;;106824;Forward;10;99;89
Zirkzee, Joshua;Netherlands;Türkiye;Quarter-Finals;5;47;3;0;1;0;0;2001-05-22;Nike;Mercurial Superfly IX Elite;Pink Foam/Black;New;;458249;Forward;21;99;10
Simons, Xavi;Netherlands;Türkiye;Quarter-Finals;5;47;87;1;0;0;0;2003-04-21;Puma;King Ultimate;Sun Stream/Puma Black/Sunset Glow;New;;493362;Midfielder;7;99;89
Weghorst, Wout;Netherlands;Türkiye;Quarter-Finals;5;47;45;0;1;0;0;1992-08-07;adidas;X Crazyfast+;Solar Red/White/Team Solar Yellow;New;;120202;Forward;9;99;52
Kiliçsoy, Semih;Türkiye;Netherlands;Quarter-Finals;5;47;1;0;1;0;0;2005-08-15;Nike;Mercurial Vapor XV Elite;Lemonade/Black;New;;551300;Forward;24;99;8
Kadioglu, Ferdi;Türkiye;Netherlands;Quarter-Finals;5;47;90;1;0;0;0;1999-10-07;Nike;Mercurial Vapor XV Elite;Pink Foam/Black;New;;231416;Defender;20;99;99
Yokuslu, Okay;Türkiye;Netherlands;Quarter-Finals;5;47;13;0;1;0;0;1994-03-09;adidas;Predator Elite;Lucid Blue/Ftwr White/Solar Red;New;;101394;Midfielder;5;99;20
Akaydin, Samet;Türkiye;Netherlands;Quarter-Finals;5;47;82;1;0;1;0;1994-03-13;Nike;Mercurial Superfly IX Elite;Pink Foam/Black;New;;245333;Defender;4;99;84
Çelik, Zeki;Türkiye;Netherlands;Quarter-Finals;5;47;8;0;1;0;0;1997-02-17;adidas;X Crazyfast.1;Solar Red/White/Team Solar Yellow;New;Laceless;171435;Defender;2;99;15
Yildiz, Kenan;Türkiye;Netherlands;Quarter-Finals;5;47;77;1;0;0;0;2005-05-04;adidas;F50 Elite;Ftwr White/Solar Red/Lucid Blue;New;;547103;Midfielder;19;99;79
Aktürkoglu, Kerem;Türkiye;Netherlands;Quarter-Finals;5;47;13;0;1;0;0;1998-10-21;Nike;Phantom GX II Elite;Sunset Pulse/Black;New;;498572;Forward;7;99;20
Ayhan, Kaan;Türkiye;Netherlands;Quarter-Finals;5;47;89;1;0;0;0;1994-11-10;Nike;Mercurial Superfly IX Elite;Pink Foam/Black;New;;159522;Defender;22;99;91
Tosun, Cenk;Türkiye;Netherlands;Quarter-Finals;5;47;8;0;1;0;0;1991-06-07;Nike;Mercurial Vapor XV Elite;Pink Foam/Black;New;;66838;Forward;9;99;15
Çalhanoglu, Hakan;Türkiye;Netherlands;Quarter-Finals;5;47;90;1;0;0;0;1994-02-08;Nike;Mercurial Superfly IX Elite;Pink Foam/Black;New;;111732;Midfielder;10;99;99
Bardakci, Abdülkerim;Türkiye;Netherlands;Quarter-Finals;5;47;90;1;0;0;0;1994-09-07;Nike;Mercurial Vapor XI;Total Crimson/Volt/Pink Blast;Old;;166050;Defender;14;99;99
Yilmaz, Baris Alper;Türkiye;Netherlands;Quarter-Finals;5;47;90;1;0;0;0;2000-05-23;Nike;Mercurial Superfly IX Elite;Hyper Turquoise/Fuchsia Dream/Black/White;New;;514355;Forward;21;99;99
Günok, Mert;Türkiye;Netherlands;Quarter-Finals;5;47;90;1;0;0;0;1989-03-01;Puma;King Ultimate;Sun Stream/Puma Black/Sunset Glow;New;;56077;Goalkeeper;1;99;99
Özcan, Salih;Türkiye;Netherlands;Quarter-Finals;5;47;77;1;0;0;0;1998-01-11;adidas;Predator Elite;Lucid Blue/Ftwr White/Solar Red;New;Laceless;204581;Midfielder;15;99;79
Güler, Arda;Türkiye;Netherlands;Quarter-Finals;5;47;90;1;0;0;0;2005-02-25;Nike;Mercurial Vapor XV Elite;Pink Blast/Volt/Gridiron;New;;520250;Midfielder;8;99;99
Müldür, Mert;Türkiye;Netherlands;Quarter-Finals;5;47;82;1;0;OG;0;1999-04-03;Nike;Mercurial Vapor XV Elite;White/Baltic Blue/Pink Blast/Indigo Haze;New;;224990;Defender;18;99;84
Rice, Declan;England;Switzerland;Quarter-Finals;5;48;120;1;0;0;0;1999-01-14;adidas;Copa Pure 2+;Ftwr White/Lucid Blue/Solar Red;New;;204480;Midfielder;4;132;132
Toney, Ivan;England;Switzerland;Quarter-Finals;5;48;11;0;1;0;0;1996-03-16;adidas;F50 Elite;Ftwr White/Solar Red/Lucid Blue;New;;144485;Forward;17;132;20
Alexander-Arnold, Trent;England;Switzerland;Quarter-Finals;5;48;5;0;1;0;0;1998-10-07;adidas;Predator Elite Tongue;Lucid Blue/Ftwr White/Solar Red;New;;169187;Midfielder;8;132;15
Saka, Bukayo;England;Switzerland;Quarter-Finals;5;48;120;1;0;1;1;2001-09-05;New Balance;Furon V7+ Pro;Bleached Lime Glo;New;;223340;Midfielder;7;132;132
Kane, Harry;England;Switzerland;Quarter-Finals;5;48;109;1;0;0;0;1993-07-28;Skechers;SKX 01 Elite;Yellow/Black;New;;78830;Forward;9;132;112
Stones, John;England;Switzerland;Quarter-Finals;5;48;120;1;0;0;0;1994-05-28;Nike;Phantom GX II Elite;Sunset Pulse/Black;New;;97299;Defender;5;132;132
Eze, Eberechi;England;Switzerland;Quarter-Finals;5;48;42;0;1;0;0;1998-06-29;New Balance;Furon V7+ Pro;Bleached Lime Glo;New;;232413;Forward;21;132;55
Trippier, Kieran;England;Switzerland;Quarter-Finals;5;48;78;1;0;0;0;1990-09-19;adidas;F50 Elite;Ftwr White/Solar Red/Lucid Blue;New;;77794;Midfielder;12;132;78
Shaw, Luke;England;Switzerland;Quarter-Finals;5;48;42;0;1;0;0;1995-07-12;adidas;F50 Elite;Ftwr White/Solar Red/Lucid Blue;New;;106760;Defender;3;132;55
Bellingham, Jude;England;Switzerland;Quarter-Finals;5;48;120;1;0;0;0;2003-06-29;adidas;Predator Elite Tongue;Lucid Blue/Ftwr White/Solar Red;New;;244855;Forward;10;132;132
Mainoo, Kobbie;England;Switzerland;Quarter-Finals;5;48;78;1;0;0;0;2005-04-19;Nike;Phantom GX II Elite;Sunset Pulse/Black;New;;516895;Midfielder;26;132;78
Walker, Kyle;England;Switzerland;Quarter-Finals;5;48;120;1;0;0;0;1990-05-28;Puma;Ultra Ultimate;Sun Stream/Puma Black/Sunset Glow;New;;58621;Defender;2;132;132
Konsa, Ezri;England;Switzerland;Quarter-Finals;5;48;78;1;0;0;0;1997-10-23;adidas;Predator Elite;Lucid Blue/Ftwr White/Solar Red;New;Laceless;199798;Defender;14;132;78
Palmer, Cole;England;Switzerland;Quarter-Finals;5;48;42;0;1;0;0;2002-05-06;Nike;Mercurial Vapor XV Elite;Atmosphere Grey/Black;New;;244851;Forward;24;132;54
Pickford, Jordan;England;Switzerland;Quarter-Finals;5;48;120;1;0;0;0;1994-03-07;Puma;Ultra Ultimate;Sun Stream/Puma Black/Sunset Glow;New;;111234;Goalkeeper;1;132;132
Foden, Phil;England;Switzerland;Quarter-Finals;5;48;115;1;0;0;0;2000-05-28;Nike;Phantom GX Elite;Fuchsia Dream/Barely Grape;New;;209244;Forward;11;132;118
Sierro, Vincent;Switzerland;England;Quarter-Finals;5;48;2;0;1;0;0;1995-10-08;adidas;Nemeziz .1;White/Screaming Orange/Core Black;New;;209208;Midfielder;16;132;11
Sommer, Yann;Switzerland;England;Quarter-Finals;5;48;120;1;0;0;0;1988-12-17;Puma;Future 7 Ultimate;Sunset Glow/Puma Black/Sun Stream;New;;34683;Goalkeeper;1;132;132
Shaqiri, Xherdan;Switzerland;England;Quarter-Finals;5;48;11;0;1;0;0;1991-10-10;Nike;Phantom GX II Elite;Sunset Pulse/Black;New;;68312;Midfielder;23;132;20
Zuber, Steven;Switzerland;England;Quarter-Finals;5;48;56;0;1;0;0;1991-08-17;Nike;Mercurial Vapor XV Elite;Lemonade/Black;New;;52046;Midfielder;14;132;69
Akanji, Manuel;Switzerland;England;Quarter-Finals;5;48;120;1;0;0;0;1995-07-19;Puma;Future 7 Ultimate;Sunset Glow/Puma Black/Sun Stream;New;;211975;Defender;5;132;132
Aebischer, Michel;Switzerland;England;Quarter-Finals;5;48;118;1;0;0;0;1997-01-06;adidas;Predator Elite;Lucid Blue/Ftwr White/Solar Red;New;;235865;Midfielder;20;132;121
Xhaka, Granit;Switzerland;England;Quarter-Finals;5;48;120;1;0;0;0;1992-09-27;Puma;Future 7 Ultimate;Sunset Glow/Puma Black/Sun Stream;New;;84450;Midfielder;10;132;132
Widmer, Silvan;Switzerland;England;Quarter-Finals;5;48;56;0;1;0;0;1993-03-05;adidas;Predator Elite;Lucid Blue/Ftwr White/Solar Red;New;;120781;Defender;3;132;69
Rodríguez, Ricardo;Switzerland;England;Quarter-Finals;5;48;120;1;0;0;0;1992-08-25;Nike;Tiempo Legend X Elite;Pink Foam/Black;New;;69305;Defender;13;132;132
Embolo, Breel;Switzerland;England;Quarter-Finals;5;48;109;1;0;1;0;1997-02-14;Nike;Mercurial Vapor XV Elite;Pink Foam/Black;New;;181007;Forward;7;132;112
Zakaria, Denis;Switzerland;England;Quarter-Finals;5;48;22;0;1;0;0;1996-11-20;Nike;Mercurial Vapor XV Elite;Pink Blast/Volt/Gridiron;New;;212701;Midfielder;6;132;31
Freuler, Remo;Switzerland;England;Quarter-Finals;5;48;118;1;0;0;0;1992-04-15;Nike;Phantom GX II Elite;Sunset Pulse/Black;New;;89076;Midfielder;8;132;121
Schär, Fabian;Switzerland;England;Quarter-Finals;5;48;120;1;0;0;0;1991-12-20;Puma;Ultra Play;Sun Stream/Puma Black/Sunset Glow;New;;119471;Defender;22;132;132
Vargas, Rubén;Switzerland;England;Quarter-Finals;5;48;64;1;0;0;0;1998-08-05;adidas;F50 Elite;Ftwr White/Solar Red/Lucid Blue;New;Laceless;429534;Forward;17;132;64
Amdouni, Zeki;Switzerland;England;Quarter-Finals;5;48;2;0;1;0;0;2000-12-04;Nike;Phantom GX II Elite;Atmosphere Grey/Black;New;;492831;Forward;25;132;11
Rieder, Fabian;Switzerland;England;Quarter-Finals;5;48;64;1;0;0;0;2002-02-16;Nike;Mercurial Vapor XV Elite;Pink Foam/Black;New;;449787;Forward;26;132;64
Ndoye, Dan;Switzerland;England;Quarter-Finals;5;48;98;1;0;0;0;2000-10-25;Nike;Mercurial Vapor XIV Elite;Grey/Blackened Blue;New;;456512;Midfielder;19;132;101
Cucurella, Marc;Spain;France;Semi-Finals;6;49;90;1;0;0;0;1998-07-22;Puma;Future 7 Ultimate;Sunset Glow/Puma Black/Sun Stream;New;;179268;Defender;24;98;98
Navas, Jesús;Spain;France;Semi-Finals;6;49;58;1;0;0;0;1985-11-21;Nike;Mercurial Vapor XV Elite;White/Baltic Blue/Pink Blast/Indigo Haze;New;;17740;Defender;22;98;60
Vivian, Dani;Spain;France;Semi-Finals;6;49;32;0;1;0;0;1999-07-05;adidas;Copa Pure 2;Ftwr White/Lucid Blue/Solar Red;New;;437554;Defender;5;98;39
Ruiz, Fabián;Spain;France;Semi-Finals;6;49;90;1;0;0;0;1996-04-03;adidas;Copa Pure 2;Ftwr White/Lucid Blue/Solar Red;New;;201379;Midfielder;8;98;98
Nacho;Spain;France;Semi-Finals;6;49;90;1;0;0;0;1990-01-18;adidas;Predator Elite Tongue;Lucid Blue/Ftwr White/Solar Red;New;;88477;Defender;4;98;98
Merino, Mikel;Spain;France;Semi-Finals;6;49;14;0;1;0;0;1996-06-22;adidas;Predator Elite;Lucid Blue/Ftwr White/Solar Red;New;Laceless;195384;Midfielder;6;98;21
Williams, Nico;Spain;France;Semi-Finals;6;49;89;1;0;0;0;2002-07-12;Nike;Mercurial Vapor XV Elite;White/Bright Crimson/Black;New;Colored the logo;523654;Midfielder;17;98;96
Rodri;Spain;France;Semi-Finals;6;49;90;1;0;0;0;1996-06-22;Nike;Phantom Luna II Elite;Sunset Pulse/Black;New;;220566;Midfielder;16;98;98
Morata, Álvaro;Spain;France;Semi-Finals;6;49;76;1;0;0;0;1992-10-23;adidas;F50 Elite;Ftwr White/Solar Red/Lucid Blue;New;;88482;Forward;7;98;79
Simón, Unai;Spain;France;Semi-Finals;6;49;90;1;0;0;0;1997-06-11;adidas;Copa Pure 2+;Ftwr White/Lucid Blue/Solar Red;New;;212769;Goalkeeper;23;98;98
Oyarzabal, Mikel;Spain;France;Semi-Finals;6;49;14;0;1;0;0;1997-04-21;Nike;Mercurial Vapor XV Elite;Pink Foam/Black;New;;219000;Forward;21;98;20
Zubimendi, Martín;Spain;France;Semi-Finals;6;49;1;0;1;0;0;1999-02-02;adidas;Copa Pure 2+;Ftwr White/Lucid Blue/Solar Red;New;;481655;Midfielder;18;98;3
Olmo, Dani;Spain;France;Semi-Finals;6;49;76;1;0;1;0;1998-05-07;adidas;F50 Elite;Ftwr White/Solar Red/Lucid Blue;New;;179370;Midfielder;10;98;78
Laporte, Aymeric;Spain;France;Semi-Finals;6;49;90;1;0;0;0;1994-05-27;adidas;Predator Elite;Lucid Blue/Ftwr White/Solar Red;New;;146941;Defender;14;98;98
Torres, Ferran;Spain;France;Semi-Finals;6;49;1;0;1;0;0;2000-02-29;adidas;F50 Elite;Ftwr White/Solar Red/Lucid Blue;New;Laceless;224444;Forward;11;98;4
Lamine Yamal;Spain;France;Semi-Finals;6;49;89;1;0;1;1;2007-07-13;adidas;F50 Elite;Ftwr White/Solar Red/Lucid Blue;New;Laceless;593109;Midfielder;19;98;95
Griezmann, Antoine;France;Spain;Semi-Finals;6;49;28;0;1;0;0;1991-03-21;Puma;Ultra Ultimate;Sun Stream/Puma Black/Sunset Glow;New;;76650;Forward;7;98;35
Barcola, Bradley;France;Spain;Semi-Finals;6;49;27;0;1;0;0;2002-09-02;adidas;F50 Elite;Ftwr White/Solar Red/Lucid Blue;New;Laceless;482616;Forward;25;98;34
Camavinga, Eduardo;France;Spain;Semi-Finals;6;49;28;0;1;0;0;2002-11-10;Nike;Phantom GX II Elite;Sunset Pulse/Black;New;;475561;Midfielder;6;98;35
Dembélé, Ousmane;France;Spain;Semi-Finals;6;49;79;1;0;0;0;1997-05-15;adidas;F50 Elite;Ftwr White/Solar Red/Lucid Blue;New;Laceless;219438;Forward;11;98;81
Saliba, William;France;Spain;Semi-Finals;6;49;90;1;0;0;0;2001-03-24;Nike;Tiempo Legend X Elite;Pink Foam/Black;New;;462424;Defender;17;98;98
Mbappé, Kylian;France;Spain;Semi-Finals;6;49;90;1;0;0;0;1998-12-20;Nike;Mercurial Superfly X Elite;White/Racer Blue;New;;220160;Forward;10;98;98
Kolo Muani, Randal;France;Spain;Semi-Finals;6;49;63;1;0;1;0;1998-12-05;adidas;Predator Elite;Lucid Blue/Ftwr White/Solar Red;New;Laceless;247693;Forward;12;98;65
Kanté, N'Golo;France;Spain;Semi-Finals;6;49;62;1;0;0;0;1991-03-29;adidas;X 18.1;Active Red/Silver Metallic/Bold Blue;New;;116594;Midfielder;13;98;64
Giroud, Olivier;France;Spain;Semi-Finals;6;49;11;0;1;0;0;1986-09-30;Puma;Ultra 5 Carbon;Lapis Lazuli/Puma White/Sunset Glow;New;;44346;Forward;9;98;18
Maignan, Mike;France;Spain;Semi-Finals;6;49;90;1;0;0;0;1995-07-03;adidas;Predator Elite;Lucid Blue/Ftwr White/Solar Red;New;;129487;Goalkeeper;16;98;98
Koundé, Jules;France;Spain;Semi-Finals;6;49;90;1;0;0;0;1998-11-12;adidas;Predator Elite Tongue;Lucid Blue/Ftwr White/Solar Red;New;;220325;Defender;5;98;98
Hernández, Théo;France;Spain;Semi-Finals;6;49;90;1;0;0;0;1997-10-06;Puma;Ultra 5 Carbon;Lapis Lazuli/Puma White/Sunset Glow;New;;222784;Defender;22;98;98
Rabiot, Adrien;France;Spain;Semi-Finals;6;49;62;1;0;0;0;1995-04-03;Nike;Phantom GX II Elite;Sunset Pulse/Black;New;;120743;Midfielder;14;98;64
Upamecano, Dayot;France;Spain;Semi-Finals;6;49;90;1;0;0;0;1998-10-27;Nike;Phantom Luna II Elite;White/Black/Metallic Gold Coin;New;;199661;Defender;4;98;98
Tchouaméni, Aurélien;France;Spain;Semi-Finals;6;49;90;1;0;0;0;2000-01-27;Nike;Phantom Luna II Elite;Sunset Pulse/Black;New;;219292;Midfielder;8;98;98
Dumfries, Denzel;Netherlands;England;Semi-Finals;6;50;89;1;0;0;0;1996-04-18;adidas;F50 Elite;Ftwr White/Solar Red/Lucid Blue;New;;199432;Defender;22;99;97
Weghorst, Wout;Netherlands;England;Semi-Finals;6;50;45;0;1;0;0;1992-08-07;adidas;X Crazyfast+;Solar Red/White/Team Solar Yellow;New;;120202;Forward;9;99;51
Brobbey, Brian;Netherlands;England;Semi-Finals;6;50;1;0;1;0;0;2002-02-01;Nike;Phantom GX II Elite;Sunset Pulse/Black;New;;441264;Forward;19;99;3
Gakpo, Cody;Netherlands;England;Semi-Finals;6;50;90;1;0;0;0;1999-05-07;Puma;Ultra 5 Ultimate;Lapis Lazuli/Puma White/Sunset Glow;New;;243298;Midfielder;11;99;99
Schouten, Jerdy;Netherlands;England;Semi-Finals;6;50;90;1;0;0;0;1997-01-12;adidas;X 19.1;White/Core Black/Shock Pink;New;;230152;Midfielder;24;99;99
van Dijk, Virgil;Netherlands;England;Semi-Finals;6;50;90;1;0;0;0;1991-07-08;Nike;Tiempo Legend X Elite;Pink Foam/Black;New;;97032;Defender;4;99;99
Verbruggen, Bart;Netherlands;England;Semi-Finals;6;50;90;1;0;0;0;2002-08-18;adidas;Predator Elite;Lucid Blue/Ftwr White/Solar Red;New;;489639;Goalkeeper;1;99;99
Veerman, Joey;Netherlands;England;Semi-Finals;6;50;55;0;1;0;0;1998-11-19;adidas;Predator Elite Tongue;Lucid Blue/Ftwr White/Solar Red;New;;231653;Midfielder;16;99;109
Aké, Nathan;Netherlands;England;Semi-Finals;6;50;90;1;0;0;0;1995-02-18;Nike;Phantom Luna II Elite;Sunset Pulse/Black;New;;126184;Defender;5;99;99
Simons, Xavi;Netherlands;England;Semi-Finals;6;50;89;1;0;1;0;2003-04-21;Puma;King Ultimate;Sun Stream/Puma Black/Sunset Glow;New;;493362;Midfielder;7;99;96
de Vrij, Stefan;Netherlands;England;Semi-Finals;6;50;90;1;0;0;0;1992-02-05;Nike;Tiempo Legend X Elite;Lemonade/Black/Metallic Gold Coin;New;;78140;Defender;6;99;99
Malen, Donyell;Netherlands;England;Semi-Finals;6;50;45;1;0;0;0;1999-01-19;adidas;F50 Elite;Ftwr White/Solar Red/Lucid Blue;New;;204646;Midfielder;18;99;49
Depay, Memphis;Netherlands;England;Semi-Finals;6;50;35;1;0;0;0;1994-02-13;Puma;Ultra 5 Carbon;Lapis Lazuli/Puma White/Sunset Glow;New;;106824;Forward;10;99;-10
Zirkzee, Joshua;Netherlands;England;Semi-Finals;6;50;1;0;1;0;0;2001-05-22;Nike;Mercurial Superfly IX Elite;Pink Foam/Black;New;;458249;Forward;21;99;3
Reijnders, Tijjani;Netherlands;England;Semi-Finals;6;50;90;1;0;0;0;1998-07-29;Mizuno;Alpha;Black/Ignition Red;New;Colored the boot;433036;Midfielder;14;99;99
Gallagher, Conor;England;Netherlands;Semi-Finals;6;50;1;0;1;0;0;2000-02-06;Nike;Mercurial Vapor XV Elite;Pink Foam/Black;New;;232787;Midfielder;16;99;3
Trippier, Kieran;England;Netherlands;Semi-Finals;6;50;45;1;0;0;0;1990-09-19;adidas;F50 Elite;Ftwr White/Solar Red/Lucid Blue;New;;77794;Midfielder;12;99;49
Saka, Bukayo;England;Netherlands;Semi-Finals;6;50;89;1;0;0;0;2001-09-05;New Balance;Furon V7+ Pro;Bleached Lime Glo;New;;223340;Midfielder;7;99;96
Bellingham, Jude;England;Netherlands;Semi-Finals;6;50;90;1;0;0;0;2003-06-29;adidas;Predator Elite Tongue;Lucid Blue/Ftwr White/Solar Red;New;;244855;Forward;10;99;99
Foden, Phil;England;Netherlands;Semi-Finals;6;50;80;1;0;0;0;2000-05-28;Nike;Phantom GX Elite;Fuchsia Dream/Barely Grape;New;;209244;Forward;11;99;84
Shaw, Luke;England;Netherlands;Semi-Finals;6;50;45;0;1;0;0;1995-07-12;adidas;F50 Elite;Ftwr White/Solar Red/Lucid Blue;New;;106760;Defender;3;99;51
Watkins, Ollie;England;Netherlands;Semi-Finals;6;50;9;0;1;1;1;1995-12-30;Nike;Phantom GX II Elite;Sunset Pulse/Black;New;;178301;Forward;19;99;16
Mainoo, Kobbie;England;Netherlands;Semi-Finals;6;50;89;1;0;0;0;2005-04-19;Nike;Phantom GX II Elite;Sunset Pulse/Black;New;;516895;Midfielder;26;99;96
Stones, John;England;Netherlands;Semi-Finals;6;50;90;1;0;0;0;1994-05-28;Nike;Phantom GX II Elite;Sunset Pulse/Black;New;;97299;Defender;5;99;99
Kane, Harry;England;Netherlands;Semi-Finals;6;50;81;1;0;1;0;1993-07-28;Skechers;SKX 01 Elite;Yellow/Black;New;;78830;Forward;9;99;84
Konsa, Ezri;England;Netherlands;Semi-Finals;6;50;1;0;1;0;0;1997-10-23;adidas;Predator Elite;Lucid Blue/Ftwr White/Solar Red;New;Laceless;199798;Defender;14;99;3
Pickford, Jordan;England;Netherlands;Semi-Finals;6;50;90;1;0;0;0;1994-03-07;Puma;Ultra Ultimate;Sun Stream/Puma Black/Sunset Glow;New;;111234;Goalkeeper;1;99;99
Guéhi, Marc;England;Netherlands;Semi-Finals;6;50;90;1;0;0;0;2000-07-13;Nike;Phantom GX II Elite;Sunset Pulse/Black;New;;209036;Defender;6;99;99
Rice, Declan;England;Netherlands;Semi-Finals;6;50;90;1;0;0;0;1999-01-14;adidas;Copa Pure 2+;Ftwr White/Lucid Blue/Solar Red;New;;204480;Midfielder;4;99;99
Walker, Kyle;England;Netherlands;Semi-Finals;6;50;90;1;0;0;0;1990-05-28;Puma;Ultra 5 Ultimate;Lapis Lazuli/Puma White/Sunset Glow;New;;58621;Defender;2;99;99
Palmer, Cole;England;Netherlands;Semi-Finals;6;50;10;0;1;0;0;2002-05-06;Nike;Mercurial Vapor XV Elite;Atmosphere Grey/Black;New;;244851;Forward;24;99;16
Simón, Unai;Spain;England;Final;7;51;90;1;0;0;0;1997-06-11;adidas;Copa Pure 2+;Ftwr White/Lucid Blue/Solar Red;New;;212769;Goalkeeper;23;96;96
Morata, Álvaro;Spain;England;Final;7;51;68;1;0;0;0;1992-10-23;adidas;F50 Elite;Ftwr White/Solar Red/Lucid Blue;New;;88482;Forward;7;96;70
Zubimendi, Martín;Spain;England;Final;7;51;45;0;1;0;0;1999-02-02;adidas;Copa Pure 2+;Ftwr White/Lucid Blue/Solar Red;New;;481655;Midfielder;18;96;49
Lamine Yamal;Spain;England;Final;7;51;89;1;0;0;0;2007-07-13;adidas;F50 Elite;Ftwr White/Solar Red/Lucid Blue;New;Laceless;593109;Midfielder;19;96;91
Rodri;Spain;England;Final;7;51;45;1;0;0;0;1996-06-22;Nike;Phantom Luna II Elite;Sunset Pulse/Black;New;;220566;Midfielder;16;96;47
Nacho;Spain;England;Final;7;51;7;0;1;0;0;1990-01-18;adidas;Predator Elite Tongue;Lucid Blue/Ftwr White/Solar Red;New;;88477;Defender;4;96;12
Oyarzabal, Mikel;Spain;England;Final;7;51;22;0;1;1;0;1997-04-21;Nike;Mercurial Vapor XV Elite;Pink Foam/Black;New;;219000;Forward;21;96;27
Merino, Mikel;Spain;England;Final;7;51;1;0;1;0;0;1996-06-22;adidas;Predator Elite;Lucid Blue/Ftwr White/Solar Red;New;Laceless;195384;Midfielder;6;96;6
Ruiz, Fabián;Spain;England;Final;7;51;90;1;0;0;0;1996-04-03;adidas;Copa Pure 2;Ftwr White/Lucid Blue/Solar Red;New;;201379;Midfielder;8;96;96
Cucurella, Marc;Spain;England;Final;7;51;90;1;0;0;0;1998-07-22;Puma;Future 7 Ultimate;Sunset Glow/Puma Black/Sun Stream;New;;179268;Defender;24;96;96
Olmo, Dani;Spain;England;Final;7;51;90;1;0;0;0;1998-05-07;adidas;F50 Elite;Ftwr White/Solar Red/Lucid Blue;New;;179370;Midfielder;10;96;96
Laporte, Aymeric;Spain;England;Final;7;51;90;1;0;0;0;1994-05-27;adidas;Predator Elite;Lucid Blue/Ftwr White/Solar Red;New;;146941;Defender;14;96;96
Williams, Nico;Spain;England;Final;7;51;90;1;0;1;1;2002-07-12;Nike;Mercurial Vapor XV Elite;White/Bright Crimson/Black;New;Colored the logo;523654;Midfielder;17;96;96
Carvajal, Dani;Spain;England;Final;7;51;90;1;0;0;0;1992-01-11;Puma;Future 7 Ultimate;Sunset Glow/Puma Black/Sun Stream;New;;88483;Defender;2;96;96
Le Normand, Robin;Spain;England;Final;7;51;83;1;0;0;0;1996-11-11;adidas;F50 Elite;Ftwr White/Solar Red/Lucid Blue;New;Laceless;224919;Defender;3;96;85
Shaw, Luke;England;Spain;Final;7;51;90;1;0;0;0;1995-07-12;adidas;F50 Elite;Ftwr White/Solar Red/Lucid Blue;New;;106760;Defender;3;96;96
Stones, John;England;Spain;Final;7;51;90;1;0;0;0;1994-05-28;Nike;Phantom GX II Elite;Sunset Pulse/Black;New;;97299;Defender;5;96;96
Foden, Phil;England;Spain;Final;7;51;89;1;0;0;0;2000-05-28;Nike;Phantom GX Elite;Fuchsia Dream/Barely Grape;New;;209244;Midfielder;11;96;91
Rice, Declan;England;Spain;Final;7;51;90;1;0;0;0;1999-01-14;adidas;Copa Pure 2+;Ftwr White/Lucid Blue/Solar Red;New;;204480;Midfielder;4;96;96
Saka, Bukayo;England;Spain;Final;7;51;90;1;0;0;0;2001-09-05;New Balance;Furon V7+ Pro;Bleached Lime Glo;New;;223340;Midfielder;7;96;96
Palmer, Cole;England;Spain;Final;7;51;20;0;1;1;0;2002-05-06;Nike;Mercurial Vapor XV Elite;Atmosphere Grey/Black;New;;244851;Forward;24;96;25
Walker, Kyle;England;Spain;Final;7;51;90;1;0;0;0;1990-05-28;Puma;Ultra 5 Ultimate;Lapis Lazuli/Puma White/Sunset Glow;New;;58621;Defender;2;96;96
Pickford, Jordan;England;Spain;Final;7;51;90;1;0;0;0;1994-03-07;Puma;Ultra Ultimate;Sun Stream/Puma Black/Sunset Glow;New;;111234;Goalkeeper;1;96;96
Watkins, Ollie;England;Spain;Final;7;51;29;0;1;0;0;1995-12-30;Nike;Phantom GX II Elite;Sunset Pulse/Black;New;;178301;Forward;19;96;34
Mainoo, Kobbie;England;Spain;Final;7;51;70;1;0;0;0;2005-04-19;Nike;Phantom GX II Elite;Sunset Pulse/Black;New;;516895;Midfielder;26;96;72
Kane, Harry;England;Spain;Final;7;51;61;1;0;0;0;1993-07-28;Skechers;SKX 01 Elite;Yellow/Black;New;;78830;Forward;9;96;63
Guéhi, Marc;England;Spain;Final;7;51;90;1;0;0;0;2000-07-13;Nike;Phantom GX II Elite;Sunset Pulse/Black;New;;209036;Defender;6;96;96
Bellingham, Jude;England;Spain;Final;7;51;90;1;0;0;0;2003-06-29;adidas;Predator Elite Tongue;Lucid Blue/Ftwr White/Solar Red;New;;244855;Midfielder;10;96;96
Toney, Ivan;England;Spain;Final;7;51;1;0;1;0;0;1996-03-16;adidas;F50 Elite;Ftwr White/Solar Red/Lucid Blue;New;;144485;Forward;17;96;6


